Location name,Location address
52-42 Luxury Villas," W Bourne Drive, Fallsburg, NY 12733, USA - 52-42 Luxury Villas"
A Place In The Sun,"348 Wild Tpke, Rock Hill, NY 12775, USA - A Place In The Sun"
Achdus Bungalow Colony-Monroe,"1 Achdus Rd, Highland Mills, NY 10930, USA - Achdus Bungalow Colony-Monroe"
Aishel Chaya Rachel-Betzalel Museum,"5708 State Route 42, Fallsburg, NY 12733, USA - Aishel Chaya Rachel-Betzalel Museum"
Aishel Properties,"492 Cooley Rd, Parksville, NY 12768, USA - Aishel Properties"
All Seasons Camp Site,"21 Bailey Lake Rd, Kiamesha Lake, NY 12751, USA - All Seasons Camp Site"
Alpine Acres-South Fallsburg,"14 Acorn Ln, South Fallsburg, NY 12779, USA - Alpine Acres-South Fallsburg"
Alpine Bungalows-Monticello,"92 S Maplewood Rd, Monticello, NY 12701, USA - Alpine Bungalows-Monticello"
Amazing Saving,"5261 South Fallsburg Main St, South Fallsburg, NY 12779, USA - Amazing Saving"
Appels Bungalows,"202 Lee Cole Rd, Swan Lake, NY 12783, USA - Appels Bungalows"
Armon Estates,"763 Old Rt-17, Harris, NY 12742, USA - Armon Estates"
Aron Village-Paradise Village,"236 Cold Spring Rd, Monticello, NY 12701, USA - Aron Village-Paradise Village"
Arrowhead Stables,"287 Cooley Rd, Parksville, NY 12768, USA - Arrowhead Stables"
Aspen Heights ,"100-114 Post Hill Road, Mountain Dale, NY 12763, USA - Aspen Heights "
Ateres Gibber,"18 Gibber Rd, Kiamesha Lake, NY 12751, USA - Ateres Gibber"
Ateres Pessel Leah-Satmar Older Girls School- Bloomingburg,"14 YD Goldberger Lane, Bloomingburg, NY 12721, USA - Ateres Pessel Leah-Satmar Older Girls School- Bloomingburg"
Ateres Pessel Leah-Satmar Younger Girls School- Bloomingburg,"132 Main Street, Bloomingburg, NY 12721, USA - Ateres Pessel Leah-Satmar Younger Girls School- Bloomingburg"
Avery,"2 Avery Rd, South Fallsburg, NY 12779, USA - Avery"
Avon-Riverside Estates,"499 River Rd, Woodridge, NY 12789, USA - Avon-Riverside Estates"
Avreichim of Ellenville-Shul,"211 211 South Main Street, Ellenville, NY 12428, USA - Avreichim of Ellenville-Shul"
Bais Hamedresh Tzemach Dovid-New Square,"9 Truman Ave, Spring Valley, NY 10977, USA - Bais Hamedresh Tzemach Dovid-New Square"
Bais Lemud Torah-Supreme Bungalow Colony,"69 Mount Hope Rd, Swan Lake, NY 12783, USA - Bais Lemud Torah-Supreme Bungalow Colony"
Barrons-Four Seasons-Shopron Bungalow Colony,"5582 State Route 42, Fallsburg, NY 12733, USA - Barrons-Four Seasons-Shopron Bungalow Colony"
Bayit V'Gan,"895 Briggs Hwy, Ellenville, NY 12428, USA - Bayit V'Gan"
BBC,"184 Upper Ferndale Rd, Liberty, NY 12754, USA - BBC"
Beaver Lake Bungalows,"170 South Woods Dr, Monticello, NY 12701, USA - Beaver Lake Bungalows"
Beaver Lake Estates,"123 South Woods Dr, Monticello, NY 12701, USA - Beaver Lake Estates"
Beechwood Cottages,"65 Beechwood Rd, White Lake, NY 12786, USA - Beechwood Cottages"
Be'er Miriam-Camp Malchus-Resort At Accord,"99 Mill Hook Rd, Accord, NY 12404, USA - Be'er Miriam-Camp Malchus-Resort At Accord"
Beirach Moshe-Satmar-Mount Hope Bungalows,"4259 Rt-55, Swan Lake, NY 12783, USA - Beirach Moshe-Satmar-Mount Hope Bungalows"
Beis Medrash Torah Vyirah Drabbeinu Yoel-Shul-Bloo,"8 Hickory Ct, Bloomingburg, NY 12721, USA - Beis Medrash Torah Vyirah Drabbeinu Yoel-Shul-Bloo"
Beis Medresh Heichal Hakodesh-Breslov Shul,"181 Huschke Rd , Hurleyville, NY 12747, USA - Beis Medresh Heichal Hakodesh-Breslov Shul"
Beis Menachem Lubavitch-Tannersville,"5937 Main St, Tannersville, NY 12468, USA - Beis Menachem Lubavitch-Tannersville"
Beis Yosef Tzvi-Dushinsky Bucherim Camp,"104 Waverly Ave, Monticello, NY 12701, USA - Beis Yosef Tzvi-Dushinsky Bucherim Camp"
Belle Harbor Apartments,"4 Belle Harbour Dr, Woodridge, NY 12789, USA - Belle Harbor Apartments"
Bernatopia-Rachves Drive,"50 Rachves Drive, Woodbourne, NY 12788, USA - Bernatopia-Rachves Drive"
Bethel Sunshine Camp,"501 Thompson Rd, Thompsonville, NY 12784, USA - Bethel Sunshine Camp"
Beverly Gardens Apartments,"8 Beverly Dr, South Fallsburg, NY 12779, USA - Beverly Gardens Apartments"
Beverly Hills Country Club,"156 Forestburgh Rd, Monticello, NY 12701, USA - Beverly Hills Country Club"
Binyan Avos-Viznitz-Gibbers,"666 NY-17B, Ny-17B, NY 12701, USA - Binyan Avos-Viznitz-Gibbers"
Black Creek Sanctuary,"2 Maple Cres, Vernon Township, NJ 7462, USA - Black Creek Sanctuary"
Bloomingburg Fire House-LZ,"117 Godfrey Road, Bloomingburg, NY 12721, USA - Bloomingburg Fire House-LZ"
Blue Maple," State Route 55, Loch Sheldrake, NY 12759, USA - Blue Maple"
Blue Maple Estates-Entrance A-Pool/Shul,"976 NY-52, Loch Sheldrake, NY 12759, USA - Blue Maple Estates-Entrance A-Pool/Shul"
Blue Maple Estates-Entrance B,"976 NY-52, Loch Sheldrake, NY 12759, USA - Blue Maple Estates-Entrance B"
Blue Sky Manor,"1 Park Dr, Wurtsboro, NY 12790, USA - Blue Sky Manor"
Bnos Devorah Raizel,"99 Laurel Park Rd, Fallsburg, NY 12733, USA - Bnos Devorah Raizel"
Bobov-Camp Log And Twig-PA,"130 Log and Twig Rd, Log And Twig Rd, PA 18328, USA - Bobov-Camp Log And Twig-PA"
Boro Park-Mazel,"266 Fraser Rd, Kiamesha Lake, NY 12751, USA - Boro Park-Mazel"
Boymelgreen Homes,"2108 Plum Beach Rd, White Lake, NY 12720, USA - Boymelgreen Homes"
Breezeway Farm,"161 Anawana Lake Rd, Monticello, NY 12701, USA - Breezeway Farm"
Breezy Corners,"315 Thompson Rd, Monticello, NY 12701, USA - Breezy Corners"
Brentwood,"9 Wade Rd, Liberty, NY 12754, USA - Brentwood"
Breslov Cheder-Cong Ahvath Israel-Liberty Shul,"39 Chestnut St, Liberty, NY 12754, USA - Breslov Cheder-Cong Ahvath Israel-Liberty Shul"
Breslov Girls Camp,"281 Meyerhoff Rd, Hurleyville, NY 12747, USA - Breslov Girls Camp"
Brickwood Estates-Old Falls,"86 Brickman Rd, Fallsburg, NY 12733, USA - Brickwood Estates-Old Falls"
Broadway Estates-Dushinsky-Fialkoffs,"8 Waverly Ave, Monticello, NY 12701, USA - Broadway Estates-Dushinsky-Fialkoffs"
Brookside Cottages-Glen Wild,"14 E Glen Wild Rd, Glen Wild, NY 12738, USA - Brookside Cottages-Glen Wild"
Brookside Estates-Section A-Brookside Bungalow Col,"75 Laurel Ave, South Fallsburg, NY 12779, USA - Brookside Estates-Section A-Brookside Bungalow Col"
Brookside Estates-Section B-Brook Cottages,"67 Laurel Av, South Fallsburg, NY 12779, USA - Brookside Estates-Section B-Brook Cottages"
Brookside Estates-Section C-Emuna Cottages,"61 Laurel Av, South Fallsburg, NY 12779, USA - Brookside Estates-Section C-Emuna Cottages"
Brookview Cottages-Old Rt 17-Harris,"421 Old Rt-17, Monticello, NY 12701, USA - Brookview Cottages-Old Rt 17-Harris"
Buffalo Colony,"302-320 Todd Rd, Todd Rd, NY 12788, USA - Buffalo Colony"
Burshtein-Ohr Hatorah-Cromwell,"112 Mount Hope Rd, Swan Lake, NY 12783, USA - Burshtein-Ohr Hatorah-Cromwell"
Bush Gardens,"6 Bush Gardens Rd N, Woodbourne, NY 12788, USA - Bush Gardens"
Cafe Au Main-Kosher Pizza Store-Bloomingburg,"78 Main St, Bloomingburg, NY 12721, USA - Cafe Au Main-Kosher Pizza Store-Bloomingburg"
Camelot Woods,"1 Astor Ct, Monticello, NY 12701, USA - Camelot Woods"
Cameo Bungalows,"42 Cameo Ln, Ellenville, NY 12428, USA - Cameo Bungalows"
Camp Achim,"60 Pleasant Acres Rd, Earlton, NY 12058, USA - Camp Achim"
Camp Adas Bnos Vien-Camp Shira,"13 Norris Ave, Monticello, NY 12701, USA - Camp Adas Bnos Vien-Camp Shira"
Camp Adas Yereim-Vien,"375 Revonah Hill Rd, Liberty, NY 12754, USA - Camp Adas Yereim-Vien"
Camp Agudah,"140 Upper Ferndale Rd, Liberty, NY 12754, USA - Camp Agudah"
Camp Agudah of Toronto,"3793 Highway 118 West, Port Carling, ON P0B-1J0, USA - Camp Agudah of Toronto"
Camp Agudah-Barton Road Entrance," Barton Rd, Ferndale, NY 12734, USA - Camp Agudah-Barton Road Entrance"
Camp Agudah-Entrance 2,"140 Upper Ferndale Rd, Liberty, NY 12754, USA - Camp Agudah-Entrance 2"
Camp Agudah-Entrance 3," Upper Ferndale Rd, Ferndale, NY 12754, USA - Camp Agudah-Entrance 3"
Camp Agudah-Midwest,"68299 CR-388, South Haven, MI 49090, USA - Camp Agudah-Midwest"
Camp Ahavas Yisroel-Viznitz,"66 Old Monticello Rd, Ferndale, NY 12734, USA - Camp Ahavas Yisroel-Viznitz"
Camp Aliyah-Bnos Naaleh-Lindenmere-Poconos,"163 Lindenmere Lane, Lindenmere Lane, PA 18332, USA - Camp Aliyah-Bnos Naaleh-Lindenmere-Poconos"
Camp Anawana,"23 Sherwood Rd, Monticello, NY 12701, USA - Camp Anawana"
Camp Avrechim,"92 Bushville Swan Lake Rd, Ferndale, NY 12734, USA - Camp Avrechim"
Camp Avrohom Chaim Heller-Camp Shoresh,"56 Ranger Rd, Swan Lake, NY 12783, USA - Camp Avrohom Chaim Heller-Camp Shoresh"
Camp Bais Yaakov,"482 Stanton Corner Rd, Ferndale, NY 12734, USA - Camp Bais Yaakov"
Camp Bais Yaakov Of The Rockies,"5100 W 14th Ave, Denver, CO 80204, USA - Camp Bais Yaakov Of The Rockies"
Camp Baiseinu-Jubilee,"95 Devany Rd, Ferndale, NY 12734, USA - Camp Baiseinu-Jubilee"
Camp Belz-Boys,"393 East Pond Rd, Woodridge, NY 12789, USA - Camp Belz-Boys"
Camp Bilava-Darkei Chaim-Daytop Rehab-Parksville,"437 Parksville Road, Parksville, NY 12768, USA - Camp Bilava-Darkei Chaim-Daytop Rehab-Parksville"
Camp Binyan David,"12 Crescent St, Mountain Dale, NY 12763, USA - Camp Binyan David"
Camp Birchas Moshe-Gold Mountain-Spring Glen,"74 Tice Rd, Ellenville, NY 12428, USA - Camp Birchas Moshe-Gold Mountain-Spring Glen"
Camp Birchas Shmayim-Kasho-Meor Hatalmud-Four Seas,"99 Geiger Rd, Ellenville, NY 12428, USA - Camp Birchas Shmayim-Kasho-Meor Hatalmud-Four Seas"
Camp Bnei Shimon Yisroel-Shopron,"5555 State Route 42, Fallsburg, NY 12733, USA - Camp Bnei Shimon Yisroel-Shopron"
Camp Bnos Belz,"385 Briggs Hwy, Ellenville, NY 12428, USA - Camp Bnos Belz"
Camp Bnos Maarava,"4215 Landry Ln, Landry Ln, IN 47859, USA - Camp Bnos Maarava"
Camp Bnos Naaleh-Camp Aliyah-Camp Rayim,"263 Breezy Hill Rd, Parksville, NY 12768, USA - Camp Bnos Naaleh-Camp Aliyah-Camp Rayim"
Camp Bnos Sanz,"14 Budd Rd, Woodbourne, NY 12788, USA - Camp Bnos Sanz"
Camp Bnos Yakov Pupa,"15 Levine Ln, Swan Lake, NY 12783, USA - Camp Bnos Yakov Pupa"
Camp Bnos Yisroel-Viznitz,"100 Elm Dr, South Fallsburg, NY 12779, USA - Camp Bnos Yisroel-Viznitz"
Camp Bnos-Delivery Entrance,"344 Ferndale Loomis Rd, Liberty, NY 12754, USA - Camp Bnos-Delivery Entrance"
Camp Bnoseinu,"304 Ferndale Loomis Rd, Liberty, NY 12754, USA - Camp Bnoseinu"
Camp Bnos-Main Entrance,"344 Ferndale Loomis Rd, Liberty, NY 12754, USA - Camp Bnos-Main Entrance"
Camp Bonim-Ruach Hachaim-Naarim-Poconos,"209 Burns Road, Burns Road, PA 18472, USA - Camp Bonim-Ruach Hachaim-Naarim-Poconos"
Camp Camp Of Arts-Chaverim-Poconos,"17700 Old Camp Road, Old Camp Road, PA 17221, USA - Camp Camp Of Arts-Chaverim-Poconos"
Camp Chaverim Of Yachad,"169 Laymon Rd, Swan Lake, NY 12783, USA - Camp Chaverim Of Yachad"
Camp Chavivah-Camp Segula,"1106 Ulster Heights Rd, Ellenville, NY 12428, USA - Camp Chavivah-Camp Segula"
Camp Chaya Sura,"505 High Rd, Glen Spey, NY 12737, USA - Camp Chaya Sura"
Camp Chayil Miriam,"316 Ferndale Loomis Rd, Liberty, NY 12754, USA - Camp Chayil Miriam"
Camp Chayolei Hamelech-Machne Menachem,"445 Masthope Plank Rd, Lackawaxen, PA 18435, USA - Camp Chayolei Hamelech-Machne Menachem"
Camp Chayol-Poconos,"445 Masthope Plank Road, Masthope Plank Road, PA 18435, USA - Camp Chayol-Poconos"
Camp Chipinew,"85 Silver Lake Rd, Swan Lake, NY 12783, USA - Camp Chipinew"
Camp Condos-Pine Crescent Sanctuary-Nj,"1 Pine Crescent, Pine Crescent, NJ 7462, USA - Camp Condos-Pine Crescent Sanctuary-Nj"
Camp CPE-Camp Lehava-Camp Kochavim,"149 Nashopa Rd, Bloomingburg, NY 12721, USA - Camp CPE-Camp Lehava-Camp Kochavim"
Camp David,"289 Church Rd, Mountain Dale, NY 12763, USA - Camp David"
Camp Dina-Poconos,"355 Bangor Mt Road, Bangor Mt Road, PA 18360, USA - Camp Dina-Poconos"
Camp Dora Golding,"418 Craigs Meadow Rd, East Stroudsburg, PA 18301, USA - Camp Dora Golding"
Camp Dunn,"23 Phillipsport Rd, Phillipsport, NY 12769, USA - Camp Dunn"
Camp Emunah-Kids,"969 Old Greenfield Rd, Ellenville, NY 12428, USA - Camp Emunah-Kids"
Camp Emunah-Shaloh Torah Cent,"689 RT-55, Napanoch, NY 12458, USA - Camp Emunah-Shaloh Torah Cent"
Camp Emunah-Teen,"6660 Rt-52, Ellenville, NY 12428, USA - Camp Emunah-Teen"
Camp Engati,"318 Towne Rd, Ellenville, NY 12428, USA - Camp Engati"
Camp Gan Israel-Kiryat Gan Yisroel,"511 Parksville Rd, Parksville, NY 12768, USA - Camp Gan Israel-Kiryat Gan Yisroel"
Camp Gan Yisroel-Saginaw-Poconos,"740 Saginaw Road, Saginaw Road, PA 19363, USA - Camp Gan Yisroel-Saginaw-Poconos"
Camp Gila,"5335 Rt-55, Liberty, NY 12754, USA - Camp Gila"
Camp Govoah,"129 CTR-67A, East Durham, NY 12423, USA - Camp Govoah"
Camp Hadran Bungalows-Lorraine Bungalows,"115 Mountaindale Rd, Woodridge, NY 12789, USA - Camp Hadran Bungalows-Lorraine Bungalows"
Camp Hadran-Yeshiva Zichron Meir-Mountaindale Yesh,"5 Ronald Tawil Way, Mountain Dale, NY 12763, USA - Camp Hadran-Yeshiva Zichron Meir-Mountaindale Yesh"
Camp Hamachane,"737 RT-86, Paul Smiths, NY 12939, USA - Camp Hamachane"
Camp Hasc,"361 Parksville Rd, Parksville, NY 12768, USA - Camp Hasc"
Camp Horim,"162 Mountaindale Rd, Greenfield Park, NY 12435, USA - Camp Horim"
Camp Horizons,"3586 Horizons Way, Harrisonburg, VA 22802, USA - Camp Horizons"
Camp Kamenitz-Kol Aryeh-Degel Hatorah-Jori-Ri,"1065 Wordens Pond Road, Wordens Pond Road, RI 2879, USA - Camp Kamenitz-Kol Aryeh-Degel Hatorah-Jori-Ri"
Camp Karlin Stolin,"775 Chodikee Lake Rd N, Highland, NY 12528, USA - Camp Karlin Stolin"
Camp Kasho-Royal Oaks-Swan Lake,"212 Mount Hope Rd, Swan Lake, NY 12783, USA - Camp Kasho-Royal Oaks-Swan Lake"
Camp Kaylie-Ohel-Camp Summit,"400 Mount Vernon Rd, Summitville, NY 12781, USA - Camp Kaylie-Ohel-Camp Summit"
Camp Kennybrook,"73 Camp Kennybrook Rd, Monticello, NY 12701, USA - Camp Kennybrook"
Camp Kinderville-Hamaspik-Camp Ger,"336 Whittaker Rd, South Fallsburg, NY 12779, USA - Camp Kinderville-Hamaspik-Camp Ger"
Camp Kol Yakov Spinka,"1830 Old Greenfield Rd W, Greenfield Park, NY 12435, USA - Camp Kol Yakov Spinka"
Camp Lakota,"56 Park Rd, Wurtsboro, NY 12790, USA - Camp Lakota"
Camp Lavi,"2656 Upper Woods Rd, Lakewood, PA 18439, USA - Camp Lavi"
Camp Lehava-Tioga-Poconos,"1635 State Rte 36, State Rte 36, PA 18465, USA - Camp Lehava-Tioga-Poconos"
Camp Livingston,"4998 Nell Lee Rd, Bennington, IN 47011, USA - Camp Livingston"
Camp L'Man Achai,"1590 Perch Lake Rd, Andes, NY 13731, USA - Camp L'Man Achai"
Camp Louemma,"38 Louemma Ln, Sussex, NJ 7418, USA - Camp Louemma"
Camp Louis,"6 Camp Louis Rd, Harris, NY 12742, USA - Camp Louis"
Camp Maalah,"17 Doohickey Rd, South Fallsburg, NY 12779, USA - Camp Maalah"
Camp Maaminim-Mogen Avrohom,"169 Laymon Rd, Swan Lake, NY 12783, USA - Camp Maaminim-Mogen Avrohom"
Camp Machane Yehuda-Hudson Valley Resort-Granite H,"400 Granite Rd, Accord, NY 12404, USA - Camp Machane Yehuda-Hudson Valley Resort-Granite H"
Camp Machaneinu-Camp Lemala-Pennsylvania,"156 Eihab Lane, Falls, PA 18615, USA - Camp Machaneinu-Camp Lemala-Pennsylvania"
Camp Mahanaim,"254 Old White Lake Tpke, Ferndale, NY 12734, USA - Camp Mahanaim"
Camp Mareh Yechezkel-Karlesburg,"5357 RT-55, Liberty, NY 12754, USA - Camp Mareh Yechezkel-Karlesburg"
Camp Mayon HaTorah-Viznitz-Krauts Bungalow,"91 Sunset Lake Rd, Liberty, NY 12754, USA - Camp Mayon HaTorah-Viznitz-Krauts Bungalow"
Camp Mechayeh-L'Eila-Poyntelle-Poconos,"584 Cribbs Road, Cribbs Road, PA 18439, USA - Camp Mechayeh-L'Eila-Poyntelle-Poconos"
Camp Merkaaz HaChaim-Brechers-Camp Torah Vodaas-Kingston,"201 Powdermill Bridge Rd, Kingston, NY 12401, USA - Camp Merkaaz HaChaim-Brechers-Camp Torah Vodaas-Kingston"
Camp Merkaz Hachaim-Chabad Yeshiva Of The Poconos,"180 Glenmere Road, Glenmere Road, PA 18325, USA - Camp Merkaz Hachaim-Chabad Yeshiva Of The Poconos"
Camp Mesivta Eitz Chaim-Bobov-Pennsylvania,"570 Silver Lake Rd, Dingmans Ferry, PA 18328, USA - Camp Mesivta Eitz Chaim-Bobov-Pennsylvania"
Camp Mesivta Eitz Chaim-Bobov-Poconos,"570 Silver Lake Road, Silver Lake Road, PA 18328, USA - Camp Mesivta Eitz Chaim-Bobov-Poconos"
Camp Mesorah,"325 N Pond Rd, Guilford, NY 13780, USA - Camp Mesorah"
Camp Migdal-Main Entrance,"70 Old Rte 213, High Falls, NY 12440, USA - Camp Migdal-Main Entrance"
Camp Migdal-Staff Entrance,"56 Bruceville Rd, High Falls, NY 12440, USA - Camp Migdal-Staff Entrance"
Camp Mizmor,"23 Haye Ln / Website and We go.here says May Ln, Glen Spey, NY 12737, USA - Camp Mizmor"
Camp Morasha,"274 High Lake Rd, Lakewood, PA 18439, USA - Camp Morasha"
Camp Morris-Day Camp-Faculty-Stock,"320 Old Falls Rd, Woodridge, NY 12789, USA - Camp Morris-Day Camp-Faculty-Stock"
Camp Morris-Edison Yeshiva-Zeke-Poconos,"31 Barry Watson Way, Barry Watson Way, PA 18439, USA - Camp Morris-Edison Yeshiva-Zeke-Poconos"
Camp Morris-Kochav,"11 Kochav Ests, Woodridge, NY 12789, USA - Camp Morris-Kochav"
Camp Morris-Merchav Ii,"351 Old Falls Rd, Woodridge, NY 12789, USA - Camp Morris-Merchav Ii"
Camp Morris-Merchav-Staff,"3 Camp Morris Rd, Woodridge, NY 12789, USA - Camp Morris-Merchav-Staff"
Camp Morris-Yeshiva,"40 Camp Morris Rd, Woodridge, NY 12789, USA - Camp Morris-Yeshiva"
Camp Moshava,"245 Navajo Rd, Navajo Rd, PA 18431, USA - Camp Moshava"
Camp Munk,"164 Queen Mountain Rd, Ferndale, NY 12734, USA - Camp Munk"
Camp Naaleh-Bobov 45,"28 Camp Rd, Livingston Manor, NY 12758, USA - Camp Naaleh-Bobov 45"
Camp Nageela Midwest-Camp Red Leaf,"26710 W. Nippersink Road, W. Nippersink Road, IL 60041, USA - Camp Nageela Midwest-Camp Red Leaf"
Camp Nageela-Jep,"5755 State Route 42, Fallsburg, NY 12733, USA - Camp Nageela-Jep"
Camp Neshama,"122 Skycrest Rd, Hawley, PA 18428, USA - Camp Neshama"
Camp Nesher,"90 Woods Rd, Lakewood, PA 18439, USA - Camp Nesher"
Camp Norr,"2408 Ulster Heights Rd, Woodbourne, NY 12788, USA - Camp Norr"
Camp Novominsk-Poconos,"159 Pocmont Loop, Pocmont Loop, PA 18324, USA - Camp Novominsk-Poconos"
Camp Ohelei Shmuel,"29 Inwood Ln, Liberty, NY 12754, USA - Camp Ohelei Shmuel"
Camp Ohr Chedva-Chedva,"396 Aden Rd, Liberty, NY 12754, USA - Camp Ohr Chedva-Chedva"
Camp Ohr Shraga,"36 Frog Hollow Rd, Ellenville, NY 12428, USA - Camp Ohr Shraga"
Camp Ohr Shraga-Staff Cottages,"156 Frog Hollow Rd, Ellenville, NY 12428, USA - Camp Ohr Shraga-Staff Cottages"
Camp Oorah-The Zone-Boys Campus,"123 Scotch Valley Rd, Stamford, NY 12167, USA - Camp Oorah-The Zone-Boys Campus"
Camp Oorah-The Zone-Girls Campus,"964 S Gilboa Rd, Gilboa, NY 12076, USA - Camp Oorah-The Zone-Girls Campus"
Camp Oraysa-Aish Mesivta-Camp Darchei Torah,"228 Todd Rd, Woodbourne, NY 12788, USA - Camp Oraysa-Aish Mesivta-Camp Darchei Torah"
Camp Paye,"68 Ferndale Rd, Ferndale, NY 12734, USA - Camp Paye"
Camp Pre Mesivta-Camp Kesser,"501 Knickerbocker Rd, Livingston Manor, NY 12758, USA - Camp Pre Mesivta-Camp Kesser"
Camp Pupa-Boys,"54 Bushville Swan Lake Rd, Swan Lake, NY 12783, USA - Camp Pupa-Boys"
Camp Raninu,"62 Raninu Rd, Honesdale, PA 18431, USA - Camp Raninu"
Camp Romimu,"150 Roosevelt Rd, Monticello, NY 12701, USA - Camp Romimu"
Camp Romimu-Lake Entrance-Vehicles,"89 Firemans Camp Rd, Monticello, NY 12701, USA - Camp Romimu-Lake Entrance-Vehicles"
Camp Romimu-UTV Trail,"456 S Maplewood Rd, Monticello, NY 12701, USA - Camp Romimu-UTV Trail"
Camp Ruach Chaim-Cheder-Bei Kyta,"641 Knickerbocker Rd, Livingston Manor, NY 12758, USA - Camp Ruach Chaim-Cheder-Bei Kyta"
Camp Satmar Ky-Round Top,"196 Cr 31, Round Top, NY 12473, USA - Camp Satmar Ky-Round Top"
Camp SCHI-Poconos,"123 Log Tavern Rd, Log Tavern Rd, PA 18337, USA - Camp SCHI-Poconos"
Camp Seneca Lake-Poconos,"1010 Niles Pond Road, Niles Pond Road, PA 18431, USA - Camp Seneca Lake-Poconos"
Camp Shaarei Yosher,"438 S Rd, Wurtsboro, NY 12790, USA - Camp Shaarei Yosher"
Camp Shabbat Campground,"75 Forrest Road, Mountain Dale, NY 12763, USA - Camp Shabbat Campground"
Camp Sharon-Tannersville,"175 Spring St, Tannersville, NY 12468, USA - Camp Sharon-Tannersville"
Camp Shiloh,"172 Rosemond Rd, Woodridge, NY 12789, USA - Camp Shiloh"
Camp Shoko-Kochavim-Ruach Hachaim-Greene County,"150 Ingalside Rd, Greenville, NY 12083, USA - Camp Shoko-Kochavim-Ruach Hachaim-Greene County"
Camp Shomria,"52 Lake Marie Rd, Liberty, NY 12754, USA - Camp Shomria"
Camp Shoresh-Wayne-Poconos,"15 Camp Wayne Road, Camp Wayne Road, PA 18455, USA - Camp Shoresh-Wayne-Poconos"
Camp Sifsei Dov-Birchwood Estates,"115 Base Hillel Ln, Monticello, NY 12701, USA - Camp Sifsei Dov-Birchwood Estates"
Camp Silver Lake-Mesivta D'Masmidim,"69 Silver Lake Rd, Woodridge, NY 12789, USA - Camp Silver Lake-Mesivta D'Masmidim"
Camp Silver Lake-Pool-Chaveirim Day Camp,"230 Rosemond Rd, Woodridge, NY 12789, USA - Camp Silver Lake-Pool-Chaveirim Day Camp"
Camp Simcha,"430 White Rd, Glen Spey, NY 12737, USA - Camp Simcha"
Camp Skver-Boys-Glen Wild Road-Bais Yitzchok,"1010 Glen Wild Rd, Woodridge, NY 12789, USA - Camp Skver-Boys-Glen Wild Road-Bais Yitzchok"
Camp Skver-Girls-Glen Wild Road,"1123 Glen Wild Rd, Woodridge, NY 12789, USA - Camp Skver-Girls-Glen Wild Road"
Camp Skver-Kelly Bridge Road,"248 Kelly Bridge Rd, Swan Lake, NY 12783, USA - Camp Skver-Kelly Bridge Road"
Camp Sternberg-Camp Mishkon,"97 Camp Utopia Rd, Narrowsburg, NY 12764, USA - Camp Sternberg-Camp Mishkon"
Camp Sulam-Sinai Retreats,"675 State Route 418, Warrensburg, NY 12885, USA - Camp Sulam-Sinai Retreats"
Camp Tel Yehudah,"3149 NY-97, Barryville, NY 12719, USA - Camp Tel Yehudah"
Camp Teumim-Brookwood,"574 Proctor Rd, Glen Spey, NY 12437, USA - Camp Teumim-Brookwood"
Camp Tiv HaChaim,"289 Budd Road, Woodbourne, NY 12788, USA - Camp Tiv HaChaim"
Camp Tomid-Breslov-Spring Glen,"1421 Old Rt 209, Ellenville, NY 12428, USA - Camp Tomid-Breslov-Spring Glen"
Camp Toras Chaim-Tashbar,"305 Revonah Hill Rd, Liberty, NY 12754, USA - Camp Toras Chaim-Tashbar"
Camp Toras Chesed,"4044 Rt-55, Swan Lake, NY 12783, USA - Camp Toras Chesed"
Camp Tubby,"350 Hasbrouck Dr, Woodbourne, NY 12788, USA - Camp Tubby"
Camp Tzemach Tzedek,"88 Ferndale Loomis Rd, Liberty, NY 12754, USA - Camp Tzemach Tzedek"
Camp Yaldeinu,"71 Landon Ave, Catskill, NY 12414, USA - Camp Yaldeinu"
Camp Yesharim,"641 Knickerbocker Rd, Livingston Manor, NY 12758, USA - Camp Yesharim"
Camp Yeshiva Ktana of Liberty-Satmar-Kavunas Halev,"252 Ferndale Loomis Rd, Liberty, NY 12754, USA - Camp Yeshiva Ktana of Liberty-Satmar-Kavunas Halev"
Camp Yeshiva Ktana of Mountaindale-Satmar-Bnos Chedva,"92 Painter Hill Rd, Spring Glen, NY 12483, USA - Camp Yeshiva Ktana of Mountaindale-Satmar-Bnos Chedva"
Camp Yeshiva Ktana of Woodridge - Satmar - Milk Rd,"170 Milk Rd, Greenfield Park, NY 12435, USA - Camp Yeshiva Ktana of Woodridge - Satmar - Milk Rd"
Camp Yeshiva Of Staten Island,"323 Granite Rd, Accord, NY 12404, USA - Camp Yeshiva Of Staten Island"
Camp Yeshiva Summer Program-Golden Slipper-Poconos,"164 Reeders Run Road, Reeders Run Road, PA 18360, USA - Camp Yeshiva Summer Program-Golden Slipper-Poconos"
Camp Yeshiva-Chasan Sofer,"1302 Briscoe Rd, Swan Lake, NY 12783, USA - Camp Yeshiva-Chasan Sofer"
Camp Yeshiva-Chasan Sofer-Family Entrance,"1246 Briscoe Road, Swan Lake, NY 12783, USA - Camp Yeshiva-Chasan Sofer-Family Entrance"
Camp Zichron Zvi Dovid-Camp Shalva-Bobov,"653 Heiden Rd, Thompsonville, NY 12784, USA - Camp Zichron Zvi Dovid-Camp Shalva-Bobov"
Candlewood Cottages,"76 Anawana Lake Rd, Monticello, NY 12701, USA - Candlewood Cottages"
Carefree Cottages-Monticello,"357 Cold Spring Rd, Monticello, NY 12701, USA - Carefree Cottages-Monticello"
Carmel Cottages,"150 Old Liberty Rd, Monticello, NY 12701, USA - Carmel Cottages"
Carmel Park-Monroe,"64 Seven Springs Rd, Harriman, NY 10930, USA - Carmel Park-Monroe"
Carpathian Homes-Kauneonga Lake,"94 W Shore Rd, Kauneonga Lake, NY 12749, USA - Carpathian Homes-Kauneonga Lake"
Castle Hill Bungalow Colony,"42 Varnell Rd, Monticello, NY 12701, USA - Castle Hill Bungalow Colony"
Catskills Adventure Resort,"538 Mount Vernon Rd, Summitville, NY 12781, USA - Catskills Adventure Resort"
Catskills Hatzolah Garage-Brickman Road,"205 Brickman Rd, South Fallsburg, NY 12779, USA - Catskills Hatzolah Garage-Brickman Road"
Catskills Hatzolah Garage-Swan Lake,"156 Kelly Bridge Rd, Swan Lake, NY 12783, USA - Catskills Hatzolah Garage-Swan Lake"
Catskills Lake Cabins-Ulster Heights Lake Colony,"1398 Ulster  Heights Road, Ellenville, NY 12428, USA - Catskills Lake Cabins-Ulster Heights Lake Colony"
Catskills Mountains Resort,"211 Mail Road, Barryville, NY 12719, USA - Catskills Mountains Resort"
Center One,"13 Greenfield Rd, Woodridge, NY 12789, USA - Center One"
CG,"355 Post Hill Rd, Mountain Dale, NY 12763, USA - CG"
Chabad Of Rock Hill,"228 Old Sackett Rd, Rock Hill, NY 12775, USA - Chabad Of Rock Hill"
Chai Manor-South Fallsburg,"86 Pleasant Valley Rd, South Fallsburg, NY 12779, USA - Chai Manor-South Fallsburg"
Chai Villas-Swan Lake,"1 Red Barn Ln, Swan Lake, NY 12783, USA - Chai Villas-Swan Lake"
Chalet Estates,"4 Chalet Vim Rd, Woodbourne, NY 12788, USA - Chalet Estates"
Chapin Estates,"2902 Rt-55, White Lake, NY 12720, USA - Chapin Estates"
Charlets Apartments,"75 Barton Rd, Liberty, NY 12754, USA - Charlets Apartments"
Charlies Lakeside Colony-Mountain Lake Cottages-Ulster Heights,"29 Camp Rd, Ellenville, NY 12428, USA - Charlies Lakeside Colony-Mountain Lake Cottages-Ulster Heights"
Chesed Shel Emes Cemetery,"113 Old Turnpike Road, Woodridge, NY 12789, USA - Chesed Shel Emes Cemetery"
Chestnut Court,"176 Laurel Avenue, South Fallsburg, NY 12779, USA - Chestnut Court"
Chestnut Ridge Development-Bloomingburg,"3 Maple Ave, Bloomingburg, NY 12721, USA - Chestnut Ridge Development-Bloomingburg"
Chevrah Bikur Cholim Bnai Yisroel,"665 Old White Lake Tpke, Swan Lake, NY 12783, USA - Chevrah Bikur Cholim Bnai Yisroel"
Chuchmas Hatorah-Yeshiva Shar Torah-Kalev-Monticel,"689 State Route 17B, Monticello, NY 12701, USA - Chuchmas Hatorah-Yeshiva Shar Torah-Kalev-Monticel"
Clearview Mountain Country Club-Nof Bahir,"460 Old Liberty Rd, Monticello, NY 12701, USA - Clearview Mountain Country Club-Nof Bahir"
Clearwater Estates,"139 Houghtaling Rd, Hurleyville, NY 12747, USA - Clearwater Estates"
Cliff Lodge,"118 Robert Ln, Monticello, NY 12701, USA - Cliff Lodge"
Cobbossee-Maine,"1 Camp Cobbossee Circle, Camp Cobbossee Circle, ME 4259, USA - Cobbossee-Maine"
Cold Spring Garden Apartments,"274 Cold Spring Rd, Monticello, NY 12701, USA - Cold Spring Garden Apartments"
Cold Spring Kottages,"199 Cold Spring Rd, Monticello, NY 12701, USA - Cold Spring Kottages"
Cold Spring Road Bungalows,"408 Cold Spring Rd, Monticello, NY 12701, USA - Cold Spring Road Bungalows"
Concord Golf Club,"685 Resorts World Dr, Kiamesha Lake, NY 12751, USA - Concord Golf Club"
Concord Hotel,"80 Kiamesha Lake Rd, Kiamesha Lake, NY 12751, USA - Concord Hotel"
Cong Ohev Shalom-Woodridge Shul,"14 Maurice Rose St, Woodridge, NY 12789, USA - Cong Ohev Shalom-Woodridge Shul"
Congregation Anshei Glen Wild,"380 Glen Wild Rd, Glen Wild, NY 12738, USA - Congregation Anshei Glen Wild"
Congregation Anshei Hashoron-Tannersville Shul,"36 Tompkins St, Tannersville, NY 12468, USA - Congregation Anshei Hashoron-Tannersville Shul"
Congregation Yetev Lev D'Satmar-Kiryas Yoel-Bais HaMedresh,"12 Garfield Rd, Monroe, NY 10950, USA - Congregation Yetev Lev D'Satmar-Kiryas Yoel-Bais HaMedresh"
Continental,"381 Fraser Rd, Kiamesha Lake, NY 12751, USA - Continental"
Country Cottages,"81 Aspen Ln, Woodridge, NY 12789, USA - Country Cottages"
Country Palace,"52 Waverly Avenue, Monticello, NY 12701, USA - Country Palace"
Country Park Cottages,"1450 County Road 56, Mountain Dale, NY 12763, USA - Country Park Cottages"
Country Side Way,"15 Countryside Way, Fallsburg, NY 12733, USA - Country Side Way"
Country Village-Forestburgh Resort-Town And Countr,"86 Wood Ave, Monticello, NY 12701, USA - Country Village-Forestburgh Resort-Town And Countr"
Countryside Acres-Loch Sheldrake,"1007 State Route 52, Loch Sheldrake, NY 12759, USA - Countryside Acres-Loch Sheldrake"
Countryside Acres-SIMS-Entrance A-Kiamesha,"499 Old Liberty Rd, Monticello, NY 12701, USA - Countryside Acres-SIMS-Entrance A-Kiamesha"
Countryside Acres-SIMS-Entrance B-Kiamesha,"445 Old Liberty Rd, Monticello, NY 12701, USA - Countryside Acres-SIMS-Entrance B-Kiamesha"
Crescent Hill Synagogue,"271 Lake Louise Marie Rd, Rock Hill, NY 12775, USA - Crescent Hill Synagogue"
Crescent Lake Estates,"928 Old Liberty Rd, Monticello, NY 12701, USA - Crescent Lake Estates"
CRMC-Harris Hospital,"68 Harris Bushville Rd, Harris, NY 12742, USA - CRMC-Harris Hospital"
Cross Road Cottages,"338 Anawana Lake Rd, Monticello, NY 12701, USA - Cross Road Cottages"
Crystal Run Healthcare,"61 Emerald Pl, Rock Hill, NY 12775, USA - Crystal Run Healthcare"
Cutlers Cottages,"117 La Vista Dr, South Fallsburg, NY 12779, USA - Cutlers Cottages"
CYM,"6 Ukraine Compound Rd,, Ellenville, NY 12428, USA - CYM"
Darkei Yosher-London Cottages,"3134 Rt-55, White Lake, NY 12720, USA - Darkei Yosher-London Cottages"
Davos Pt,"32 Pine Top St, Woodridge, NY 12789, USA - Davos Pt"
Days Inn Liberty,"52 Sullivan Ave, Ferndale, NY 12734, USA - Days Inn Liberty"
De Hoyos Memorial Park,"99 Hay Street, Monticello, NY 12701, USA - De Hoyos Memorial Park"
Deerhill Cottages,"7 Deerhill Cottage Rd, Mountain Dale, NY 12763, USA - Deerhill Cottages"
Delano Village,"2 Helene Ct, Monticello, NY 12701, USA - Delano Village"
Delphic Meadows,"450 Church Rd, Mountain Dale, NY 12763, USA - Delphic Meadows"
Diamond Estates,"43 Diamond Lane, Fallsburg, NY 12733, USA - Diamond Estates"
Dingle Daisy Cottages,"94 Dingle Daisy Rd, Monticello, NY 12701, USA - Dingle Daisy Cottages"
Dormo Colony-Shopron,"5555 State Route 42, Fallsburg, NY 12733, USA - Dormo Colony-Shopron"
Dr Deutch'S Office,"3 Gamble Rd, South Fallsburg, NY 12779, USA - Dr Deutch'S Office"
Dr Fleischers Office,"327 Muthig Rd, Hurleyville, NY 12747, USA - Dr Fleischers Office"
Dr Rosen'S Office,"206 Brickman Rd, Fallsburg, NY 12733, USA - Dr Rosen'S Office"
Dr Stomans Colony,"291 Park Hill Rd, Mountain Dale, NY 12763, USA - Dr Stomans Colony"
Dubins,"267 Happy Ave, Swan Lake, NY 12783, USA - Dubins"
Duso,"6055 RT-52, Ellenville, NY 12428, USA - Duso"
Dynamite Youth Center,"5803 State Route 42, Fallsburg, NY 12733, USA - Dynamite Youth Center"
Dynasty Cottages,"283 State Route 17B, Monticello, NY 12701, USA - Dynasty Cottages"
Echo Mts,"374 Thompson Rd, Thompsonville, NY 12784, USA - Echo Mts"
Eden Woods,"55 Zimmerman Road, Loch Sheldrake, NY 12759, USA - Eden Woods"
Eilat Cottages,"100 Lake St, Kauneonga Lake, NY 12749, USA - Eilat Cottages"
Eisman,"336 East Pond Rd, Woodridge, NY 12789, USA - Eisman"
Eitz Hasadeh,"355 County Route 56, Wurtsboro, NY 12790, USA - Eitz Hasadeh"
Ellenville Citgo,"109 Main St S, Ellenville, NY 12428, USA - Ellenville Citgo"
Ellenville Fire-Post Office,"7025 Rt-52, Greenfield Park, NY 12435, USA - Ellenville Fire-Post Office"
Ellenville Library,"40 Center St, Ellenville, NY 12428, USA - Ellenville Library"
Ellenville Regional Hospital,"10 Healthy Way, Ellenville, NY 12428, USA - Ellenville Regional Hospital"
Ellenville Shul-Congregation Ezrath Israel,"27 Center St, Ellenville, NY 12428, USA - Ellenville Shul-Congregation Ezrath Israel"
Elm Street Apartments,"171 Laurel Ave, South Fallsburg, NY 12779, USA - Elm Street Apartments"
Elmshade Estates,"48 Gamble Rd, South Fallsburg, NY 12779, USA - Elmshade Estates"
Emerald Forest Bungalows,"949 Ulster Heights Rd, Ellenville, NY 12428, USA - Emerald Forest Bungalows"
Emerald Green Property Owners Association,"139 Old Sackett Rd, Rock Hill, NY 12775, USA - Emerald Green Property Owners Association"
Emerald Pond Estates,"200 S Main Street, Ellenville, NY 12428, USA - Emerald Pond Estates"
Empire-Malik-Samber Cottages,"3706 State Route 42, Monticello, NY 12701, USA - Empire-Malik-Samber Cottages"
Evergreen Estates,"4 Spruce Ln, Loch Sheldrake, NY 12759, USA - Evergreen Estates"
Excellent Bus Depot,"301 Bridgeville Rd, Monticello, NY 12701, USA - Excellent Bus Depot"
Exxon Gas Station-Monroe,"425 Rt-208, Monroe, NY 10950, USA - Exxon Gas Station-Monroe"
Fallsburg Community Mikvah,"195 Brickman Rd, Fallsburg, NY 12733, USA - Fallsburg Community Mikvah"
Fallsburg Corners,"39 Ambassador Cir, Fallsburg, NY 12733, USA - Fallsburg Corners"
Fallsburg Elementary School,"15 Old Falls Rd, Fallsburg, NY 12733, USA - Fallsburg Elementary School"
Fallsburg Fire Dept,"10 Railroad Plz, South Fallsburg, NY 12779, USA - Fallsburg Fire Dept"
Fallsburg Fishing Boat Club,"96 Lake St, South Fallsburg, NY 12779, USA - Fallsburg Fishing Boat Club"
Fallsburg Gas,"4999 South Fallsburg Main St, South Fallsburg, NY 12779, USA - Fallsburg Gas"
Fallsburg High School,"115 Brickman Rd, Fallsburg, NY 12733, USA - Fallsburg High School"
Fallsburg Hills Estate Section-C,"5845 State Route 42, Fallsburg, NY 12733, USA - Fallsburg Hills Estate Section-C"
Fallsburg Hills Estates-Phyl Bob,"5859 State Route 42, Fallsburg, NY 12733, USA - Fallsburg Hills Estates-Phyl Bob"
Fallsburg Lumber,"13 Laurel Ave, South Fallsburg, NY 12779, USA - Fallsburg Lumber"
Fallsburg Police Dept,"19 Railroad Plz, South Fallsburg, NY 12779, USA - Fallsburg Police Dept"
Fallsburg Post Office,"25 Railroad Plz, South Fallsburg, NY 12779, USA - Fallsburg Post Office"
Fallsburg Shul,"26 Lake St, South Fallsburg, NY 12779, USA - Fallsburg Shul"
Fallsview Estates-Old Falls Road Entrance,"15 Fallsview Rd, Fallsburg, NY 12733, USA - Fallsview Estates-Old Falls Road Entrance"
Fallsview Estates-Riverside Drive Entrance,"14 Winter Way, Fallsburg, NY 12733, USA - Fallsview Estates-Riverside Drive Entrance"
Fallsview Hotel-Honors Haven Resort,"1195 Arrowhead Rd, Ellenville, NY 12428, USA - Fallsview Hotel-Honors Haven Resort"
Family Fun Farm,"65 Friedman Rd, Monticello, NY 12701, USA - Family Fun Farm"
Farsite Bungalows,"736 State Route 17B, Monticello, NY 12701, USA - Farsite Bungalows"
Five Star Estates,"228 Hasbrouck Rd, Woodbourne, NY 12788, USA - Five Star Estates"
Florida Bungalows,"195 Mountaindale Rd, Woodridge, NY 12789, USA - Florida Bungalows"
Forest Park Estates,"372 Anawana Lake Rd, Monticello, NY 12701, USA - Forest Park Estates"
Forestburgh Cottages,"1041 Sackett Lake Rd, Forestburgh, NY 12777, USA - Forestburgh Cottages"
Formaggio Estates,"875 State Route 52, Hurleyville, NY 12747, USA - Formaggio Estates"
Four Star Estates,"257 Pleasant Valley Rd, South Fallsburg, NY 12779, USA - Four Star Estates"
Franklin Farm,"522 Happy Ave, Swan Lake, NY 12783, USA - Franklin Farm"
Franklin Farm Camp,"523 Happy Ave, Swan Lake, NY 12783, USA - Franklin Farm Camp"
Fraser Road Bungalows,"332 Fraser Rd, Kiamesha Lake, NY 12751, USA - Fraser Road Bungalows"
Freed'S Colony,"506 Old Liberty Rd, Monticello, NY 12701, USA - Freed'S Colony"
Friendship Cottages,"75 La Vista Dr, South Fallsburg, NY 12779, USA - Friendship Cottages"
Gan Acres,"89 Tanzman Rd, Parksville, NY 12768, USA - Gan Acres"
Ganz Bungalow Colony,"302 Divine Corners Rd, Loch Sheldrake, NY 12759, USA - Ganz Bungalow Colony"
Garden Cottages-Entrance 1- Circle 10,"68 Varnell Rd, Monticello, NY 12701, USA - Garden Cottages-Entrance 1- Circle 10"
Garden Cottages-Entrance 3- Pool,"82 Varnell Rd, Monticello, NY 12701, USA - Garden Cottages-Entrance 3- Pool"
Garden Hills,"50 Strong Rd, Ferndale, NY 12734, USA - Garden Hills"
Garden Terrace,"221 Laurel Ave, Fallsburg, NY 12733, USA - Garden Terrace"
Garden View Estates,"1 Harmonious Way, Loch Sheldrake, NY 12759, USA - Garden View Estates"
Genes Boats,"3429 Rt-55, White Lake, NY 12720, USA - Genes Boats"
Geula Estates,"117 Coopers Corner Rd, Monticello, NY 12701, USA - Geula Estates"
Gibbers Lake,"223 Gibber Rd, South Fallsburg, NY 12779, USA - Gibbers Lake"
Gibbers Red Rocks,"80 Gibber Rd, Kiamesha Lake, NY 12751, USA - Gibbers Red Rocks"
Gibbers Watertank,"179 Gibber Rd, Kiamesha Lake, NY 12751, USA - Gibbers Watertank"
Gibbers-Viznits Girls School-Binyan Feldman,"24 Gibber Rd, Kiamesha Lake, NY 12751, USA - Gibbers-Viznits Girls School-Binyan Feldman"
Gitti Gardens,"1123 Glen Wild Rd, Woodridge, NY 12789, USA - Gitti Gardens"
Givat Shalom-Kedem Farms,"173 River Rd, Thompsonville, NY 12784, USA - Givat Shalom-Kedem Farms"
Glen Wild-Cemetary,"652 Marsh Rd, Glen Wild, NY 12738, USA - Glen Wild-Cemetary"
Golden Flow,"64 Ferndale Rd, Ferndale, NY 12734, USA - Golden Flow"
Goldscheins Homestead," Revonah Hill Road, Liberty, NY 12754, USA - Goldscheins Homestead"
Gombo Bakery-Fallsburg,"5230 South Fallsburg Main St, South Fallsburg, NY 12779, USA - Gombo Bakery-Fallsburg"
Grand Mountain Resorts,"22 Mountaindale Rd, Greenfield Park, NY 12435, USA - Grand Mountain Resorts"
Grand Park Estates,"231 Fraser Rd, Kiamesha Lake, NY 12751, USA - Grand Park Estates"
Grandeur Estates-Rachves Estates-Route 42,"6289 State Route 42, Woodbourne, NY 12788, USA - Grandeur Estates-Rachves Estates-Route 42"
Grandview Palace-Hotel,"1500 State Route 52, Loch Sheldrake, NY 12759, USA - Grandview Palace-Hotel"
Green Acres-Liberty-Pupa,"20 Denman Rd, Liberty, NY 12754, USA - Green Acres-Liberty-Pupa"
Green Acres-Monticello,"93 S Maplewood Rd, Monticello, NY 12701, USA - Green Acres-Monticello"
Green Hills Estates,"1 Front St, Ferndale, NY 12734, USA - Green Hills Estates"
Green Lake Estates,"14 Mount Hope RD, Swan Lake, NY 12783, USA - Green Lake Estates"
Green Lake Estates,"14 Mount Hope RD, Swan Lake, NY 12783, USA - Green Lake Estates"
Green Pastures,"26 Wheeler Rd, Swan Lake, NY 12783, USA - Green Pastures"
Green Tree Acres,"594 Harris Rd, Ferndale, NY 12734, USA - Green Tree Acres"
Green Tree Homes,"2 Lakeside Dr, Monticello, NY 12701, USA - Green Tree Homes"
Greene Mountain Inn-Tannersville,"132 S Main St, Tannersville, NY 12468, USA - Greene Mountain Inn-Tannersville"
Greenfield Meadows-Entrance 2,"32 Tamarack Rd, Greenfield Park, NY 12435, USA - Greenfield Meadows-Entrance 2"
Greenfield Meadows-Five Star,"32 Tamarack Rd, Greenfield Park, NY 12435, USA - Greenfield Meadows-Five Star"
Greenwalds,"140 Milk Rd, Greenfield Park, NY 12435, USA - Greenwalds"
Greenwood Park,"4830 State Route 42, South Fallsburg, NY 12779, USA - Greenwood Park"
Grove Valley-Pleasant Valley Road Colony,"239 Pleasant Valley Rd, South Fallsburg, NY 12779, USA - Grove Valley-Pleasant Valley Road Colony"
Gully + Sams Point,"522 South Gully Rd, Pine Bush, NY 12566, USA - Gully + Sams Point"
Halfway-Monsey-Exit 14B Exxon Station,"14 N Airmont Rd, Airmont, NY 10901, USA - Halfway-Monsey-Exit 14B Exxon Station"
Halfway-Shortline-Exit 129,"21 Orange and Rockland Rd, Monroe, NY 10950, USA - Halfway-Shortline-Exit 129"
Hamaspik Resort-The Lodge-Rock Hill,"283 Rock Hill Dr, Rock Hill, NY 12775, USA - Hamaspik Resort-The Lodge-Rock Hill"
Hampton Estates,"25 Kile Farm Rd, Hurleyville, NY 12747, USA - Hampton Estates"
Hanoffee Park,"136 Sunset Lake Rd, Liberty, NY 12754, USA - Hanoffee Park"
Happy Hour Stock Farm,"754 Happy Ave, Swan Lake, NY 12783, USA - Happy Hour Stock Farm"
Har Nof,"4607 State Route 42, Kiamesha Lake, NY 12751, USA - Har Nof"
Harmony Hills-Laurel Woods,"4 Harmony Cir, Fallsburg, NY 12733, USA - Harmony Hills-Laurel Woods"
Harris Woods,"27 Racine Ct, Monticello, NY 12701, USA - Harris Woods"
HCS Resort-Raleigh Hotel,"712 Heiden Rd, Thompsonville, NY 12784, USA - HCS Resort-Raleigh Hotel"
Hebrew Day School Of Sullivan County,"4718 State Route 42, Kiamesha Lake, NY 12751, USA - Hebrew Day School Of Sullivan County"
Heritage Estates-Jantar,"371 Old White Lake Tpke, Ferndale, NY 12734, USA - Heritage Estates-Jantar"
Hershies,"1188 Glen Wild Rd, Woodridge, NY 12789, USA - Hershies"
Hi Lo,"407 Fraser Rd, Kiamesha Lake, NY 12751, USA - Hi Lo"
Hidden Ridge,"8 Hidden Ridge Dr, Monticello, NY 12701, USA - Hidden Ridge"
High Ridge Estates-Sunny Day Cottages,"5499 State Route 42, South Fallsburg, NY 12779, USA - High Ridge Estates-Sunny Day Cottages"
High Ridge-Hillside Apts,"1181 State Route 52, Loch Sheldrake, NY 12759, USA - High Ridge-Hillside Apts"
Highland Park,"149 Highland Ave, Woodridge, NY 12789, USA - Highland Park"
Hill View Homes-Orchard,"189 Labaugh Rd, Hurleyville, NY 12747, USA - Hill View Homes-Orchard"
Hillcrest Estates,"10 Hillcrest Dr, Ferndale, NY 12734, USA - Hillcrest Estates"
Hilldale Dorms,"3 Dorm Dr, Hurleyville, NY 12747, USA - Hilldale Dorms"
Hilliar,"6446 State Route 42, Woodbourne, NY 12788, USA - Hilliar"
Hillside Woods-Grand House Bungalows,"114 Laurel Ave, South Fallsburg, NY 12779, USA - Hillside Woods-Grand House Bungalows"
Himmels Bungalows,"265 Maplewood Garden Rd, Monticello, NY 12701, USA - Himmels Bungalows"
Holiday Hills-Monroe,"23 1st Ave, Monroe, NY 10950, USA - Holiday Hills-Monroe"
Holiday Mountain Fun Park,"99 Holiday Mountain Rd, Monticello, NY 12701, USA - Holiday Mountain Fun Park"
Holiday Park-Hajdunanas,"435 State Route 52, Woodbourne, NY 12788, USA - Holiday Park-Hajdunanas"
Hollywood Country Club,"215 Cold Spring Rd, Monticello, NY 12701, USA - Hollywood Country Club"
Hunter Club,"6 Fallsburg Mnr, South Fallsburg, NY 12779, USA - Hunter Club"
Hurleyville Fire House,"166 Hurleyville Main St, Hurleyville, NY 12747, USA - Hurleyville Fire House"
Hurleyville Shul,"200 Hurleyville Main St, Hurleyville, NY 12747, USA - Hurleyville Shul"
Hyland Resorts,"12 Heinle Rd, Swan Lake, NY 12783, USA - Hyland Resorts"
Ichud Hatalmidim D'Satmar-Pine Tree Bungalows-Monticello,"3738 State Route 42, Monticello, NY 12701, USA - Ichud Hatalmidim D'Satmar-Pine Tree Bungalows-Monticello"
Ichud-Satmar-1,"240 Forestburgh Rd, Monticello, NY 12701, USA - Ichud-Satmar-1"
Ichud-Satmar-2,"240 Forestburgh Rd, Monticello, NY 12701, USA - Ichud-Satmar-2"
Ichud-Satmar-3,"240 Forestburgh Rd, Monticello, NY 12701, USA - Ichud-Satmar-3"
Ichud-Satmar-4,"240 Forestburgh Rd, Monticello, NY 12701, USA - Ichud-Satmar-4"
Ichud-Satmar-5,"240 Forestburgh Rd, Monticello, NY 12701, USA - Ichud-Satmar-5"
Ichud-Satmar-Supermarket,"3711 State Route 42, Monticello, NY 12701, USA - Ichud-Satmar-Supermarket"
Ilan Hachaim-Breslov-Alberts,"118 Old Monticello Rd, Ferndale, NY 12734, USA - Ilan Hachaim-Breslov-Alberts"
Infinity Estates-Parises,"3 Infinity Ests, White Lake, NY 12786, USA - Infinity Estates-Parises"
Inn By The Falls,"99 Ferndale Rd, Ferndale, NY 12734, USA - Inn By The Falls"
Inner Circle,"1 Inner Circle Rd, Loch Sheldrake, NY 12759, USA - Inner Circle"
International Riding Camp,"200 Birchall Rd, Ellenville, NY 12428, USA - International Riding Camp"
Iroquois Springs,"30 Bowers Rd, Rock Hill, NY 12775, USA - Iroquois Springs"
Irvington Estates,"1 Irvington Dr, South Fallsburg, NY 12779, USA - Irvington Estates"
Jane & Monica,"66 Katzman Rd, Ellenville, NY 12428, USA - Jane & Monica"
Jans Bungalows,"8472 Rt 209, Ellenville, NY 12428, USA - Jans Bungalows"
Jened Recreation Village,"15 Camp Jened Dr, Rock Hill, NY 12775, USA - Jened Recreation Village"
JF&H,"382 Grey Rd, South Fallsburg, NY 12779, USA - JF&H"
Joyland Acres,"1 Candy Ln, Monticello, NY 12701, USA - Joyland Acres"
K&K,"1423 State Route 52, Hurleyville, NY 12747, USA - K&K"
Kaiman Bungalows,"261 Mount Hope Rd, Swan Lake, NY 12783, USA - Kaiman Bungalows"
KALO-Student Housing-Loch Sheldrake,"724 Loch Sheldrake Hurleyville Rd, Loch Sheldrake, NY 12759, USA - KALO-Student Housing-Loch Sheldrake"
Kbw Bungalows,"19 Beaver Ln, Woodbourne, NY 12788, USA - Kbw Bungalows"
Kee Tov Cottages,"245 Hilldale Rd, Hurleyville, NY 12747, USA - Kee Tov Cottages"
Kehilas Klausenberg-Camp Shearith Hapleita,"218 Fire House Rd, Woodbourne, NY 12788, USA - Kehilas Klausenberg-Camp Shearith Hapleita"
Kelder'S Farm,"5755 Route 209, Kerhonkson, NY 12446, USA - Kelder'S Farm"
Kfar Chabad-Kingsway,"1124 Briggs Hwy, Ellenville, NY 12428, USA - Kfar Chabad-Kingsway"
Khal Bais Yitzchok Dspinka-Fleishmanns,"665 Main St, Fleischmanns, NY 12430, USA - Khal Bais Yitzchok Dspinka-Fleishmanns"
Khal Divrei Chaim-Union City,"86 W Shore Rd, Kauneonga Lake, NY 12783, USA - Khal Divrei Chaim-Union City"
Kiamesha Inn-Kiamesha Owners,"407 Fraser Rd, Kiamesha Lake, NY 12751, USA - Kiamesha Inn-Kiamesha Owners"
Kiamesha Lake Estates,"4772 State Route 42, Kiamesha Lake, NY 12751, USA - Kiamesha Lake Estates"
Kiamesha Lanes,"4685 State Route 42, Kiamesha Lake, NY 12751, USA - Kiamesha Lanes"
Kiamesha Village,"1 Kenny Ln, Kiamesha Lake, NY 12751, USA - Kiamesha Village"
Kibbutz Bnai Hayeshivos-Tannserville,"69 S Main St, Tannersville, NY 12468, USA - Kibbutz Bnai Hayeshivos-Tannserville"
Kibbutz Hamesivtos-Yeshiva Ohr Naftoli,"701 Blooming Grove Tpke, New Windsor, NY 12553, USA - Kibbutz Hamesivtos-Yeshiva Ohr Naftoli"
Kiryas Avreichim,"5 Red Maple Ct, South Fallsburg, NY 12779, USA - Kiryas Avreichim"
Kiryas Byrach Moshe-Alladin Hotel,"205 Hasbrouck Dr, Woodbourne, NY 12788, USA - Kiryas Byrach Moshe-Alladin Hotel"
Kiryas Pri Menachem-Beis Medrash Of South Fallsbur,"84 Pleasant Valley Rd, South Fallsburg, NY 12779, USA - Kiryas Pri Menachem-Beis Medrash Of South Fallsbur"
Kiryas Tomishovar,"94 Sacks Rd, Harris, NY 12742, USA - Kiryas Tomishovar"
Kiryas Viznitz,"1 Gafen Ln, Kiamesha Lake, NY 12751, USA - Kiryas Viznitz"
Kiryas Yoel Hatzolah Garage-Ky Base,"63 Forest Rd, Monroe, NY 10950, USA - Kiryas Yoel Hatzolah Garage-Ky Base"
Kiryas Zupnick-Satmar,"7509 State Route 52, Greenfield Park, NY 12435, USA - Kiryas Zupnick-Satmar"
Klei Kodesh-Satmar-Kutshers Colony,"550 Anawana Lake Rd, Monticello, NY 12701, USA - Klei Kodesh-Satmar-Kutshers Colony"
KMS,"313 Mount Hope Rd, Swan Lake, NY 12783, USA - KMS"
Knesset Israel-Cemetery,"931 Briggs Hwy, Ellenville, NY 12428, USA - Knesset Israel-Cemetery"
Kol Torah-Bermans,"1117 Old Rt-17, Harris, NY 12742, USA - Kol Torah-Bermans"
Kollel Damesek Eliezer-Mountain Hill,"387 Cold Spring Rd, Monticello, NY 12701, USA - Kollel Damesek Eliezer-Mountain Hill"
Kollel Noam Elimelech-Lizensk,"72 Mount Hope Rd, Swan Lake, NY 12783, USA - Kollel Noam Elimelech-Lizensk"
Kollel of South Fallsburg,"186 Lake Street, South Fallsburg, NY 12779, USA - Kollel of South Fallsburg"
Kornfield Cottages,"231 Upper Ferndale Rd, Ferndale, NY 12734, USA - Kornfield Cottages"
Kosher Mountain-Tannersville,"5951 Main St, Tannersville, NY 12468, USA - Kosher Mountain-Tannersville"
Kozy Acres-Crown Estates-A-Cozy Acres,"188 Cold Spring Rd, Monticello, NY 12701, USA - Kozy Acres-Crown Estates-A-Cozy Acres"
Kozy Acres-Crown Estates-B-Cozy Acres,"188 Cold Spring, Monticello, NY 12701, USA - Kozy Acres-Crown Estates-B-Cozy Acres"
Krula Beis Medrash-Bais Yaakov HS of South Fallsburg,"5478 State Route 42, South Fallsburg, NY 12779, USA - Krula Beis Medrash-Bais Yaakov HS of South Fallsburg"
Krula Country-Camp Nachlastzvi-Main Entrance-Gambl,"48 Gamble Rd, South Fallsburg, NY 12779, USA - Krula Country-Camp Nachlastzvi-Main Entrance-Gambl"
Krula Country-Camp Nachlastzvi-Route 42,"5405 State Route 42, South Fallsburg, NY 12779, USA - Krula Country-Camp Nachlastzvi-Route 42"
Kurtz And Lemel,"1732 State Route 17B, White Lake, NY 12789, USA - Kurtz And Lemel"
Kutshers Country Club,"62 Kutsher Rd, Monticello, NY 12701, USA - Kutshers Country Club"
La Vista Estates-Morningside Cottages-South Fallsb,"80 Lovers Ln, South Fallsburg, NY 12779, USA - La Vista Estates-Morningside Cottages-South Fallsb"
Lake Forest Estates,"3 Locust St, Fallsburg, NY 12733, USA - Lake Forest Estates"
Lake Lodge Hotel-Golden Swan,"4797 Rt-55, Swan Lake, NY 12783, USA - Lake Lodge Hotel-Golden Swan"
Lakehouse Hotel,"114 Lake House Rd, Woodridge, NY 12789, USA - Lakehouse Hotel"
Lakehouse Hotel-Delivery Entrance,"114 Lake House Rd, Woodridge, NY 12789, USA - Lakehouse Hotel-Delivery Entrance"
Lakeshore Hills,"218 Todd Rd, Todd Rd, NY 12788, USA - Lakeshore Hills"
Lakeside Estates-Carpathian Paradise-Greenfield Park,"264 Mountaindale Rd, Greenfield Park, NY 12435, USA - Lakeside Estates-Carpathian Paradise-Greenfield Park"
Lakeside Villa-Monticello,"38 Concord Rd, Monticello, NY 12701, USA - Lakeside Villa-Monticello"
Lakeside Villa-Monticello-Pool,"6 Concord Rd, Monticello, NY 12701, USA - Lakeside Villa-Monticello-Pool"
Lakeview Estates-Fallsburg-Route 42,"2 Point O Woods Rd, Fallsburg, NY 12733, USA - Lakeview Estates-Fallsburg-Route 42"
Lakeview Estates-South Fallsburg-Westwood Drive,"1 Westwood Dr, South Fallsburg, NY 12779, USA - Lakeview Estates-South Fallsburg-Westwood Drive"
Lakeview-Loch Sheldrake,"1192 State Route 52, Loch Sheldrake, NY 12759, USA - Lakeview-Loch Sheldrake"
Lakewood Cottages,"108 East Pond Rd, Woodridge, NY 12789, USA - Lakewood Cottages"
Landaus Supermarket,"3 Railroad Plaza Ext, South Fallsburg, NY 12779, USA - Landaus Supermarket"
Landfield Avenue Shul-Cemetery,"329 Harris Rd, Monticello, NY 12701, USA - Landfield Avenue Shul-Cemetery"
Lansmans,"103 Murphy Rd, Woodbourne, NY 12788, USA - Lansmans"
Lapidus-Grocery-Satmar,"3395 Rt-55, White Lake, NY 12720, USA - Lapidus-Grocery-Satmar"
Lapidus-Main-Satmar,"1479 State Route 17B, White Lake, NY 12786, USA - Lapidus-Main-Satmar"
Lapidus-Schultz Road-Satmar,"76 Schultz Rd, White Lake, NY 12786, USA - Lapidus-Schultz Road-Satmar"
Laurel Avenue Apartments,"161 Laurel Ave, South Fallsburg, NY 12779, USA - Laurel Avenue Apartments"
Laurel Crest Estates,"162 Laurel Ave, South Fallsburg, NY 12779, USA - Laurel Crest Estates"
Laurel Estates,"271 Laurel Ave, Fallsburg, NY 12733, USA - Laurel Estates"
Laurel Ledge Villas,"7 Laurel Ledge Ln, Fallsburg, NY 12733, USA - Laurel Ledge Villas"
Lee Cole Estates-Rosenbergs,"202 Lee Cole Rd, Swan Lake, NY 12783, USA - Lee Cole Estates-Rosenbergs"
Lefkowitz Summer Houses,"177 Old Rt-17, Monticello, NY 12701, USA - Lefkowitz Summer Houses"
Leisure Acres,"2 Yellow Park Drive, Monticello, NY 12701, USA - Leisure Acres"
Leisure Lake Estates,"182 Kelly Bridge Rd, Swan Lake, NY 12783, USA - Leisure Lake Estates"
Levine Road Colony,"143 Levine Rd, Monticello, NY 12701, USA - Levine Road Colony"
Levitz Farms,"395 Beaver Dam Rd, Grahamsville, NY 12740, USA - Levitz Farms"
Lewinters,"44 Lanahan Rd, Monticello, NY 12701, USA - Lewinters"
Liberty Ambulance,"178 Mill St, Liberty, NY 12754, USA - Liberty Ambulance"
Liberty Commons,"74 Liberty Commons Way, Liberty, NY 12754, USA - Liberty Commons"
Liberty Lanes-Liberty Mall,"40 Sullivan Ave, Ferndale, NY 12734, USA - Liberty Lanes-Liberty Mall"
Liberty Police,"159 N Main St, Liberty, NY 12754, USA - Liberty Police"
Liberty Professional Plaza,"111 Sullivan Ave, Ferndale, NY 12734, USA - Liberty Professional Plaza"
Liberty Resort,"83 Liberty Street, Monticello, NY 12701, USA - Liberty Resort"
Liberty Road Cottages,"75 Liberty St, Monticello, NY 12701, USA - Liberty Road Cottages"
Liberty Square Mall,"187 Mill St, Liberty, NY 12754, USA - Liberty Square Mall"
Liberty Villas,"4 Dom Drive, Monticello, NY 12701, USA - Liberty Villas"
Linmore Estates,"1 Lobo Ln, Mountain Dale, NY 12763, USA - Linmore Estates"
Lipkowitz-Back Entrance-Ambulance,"1268 Old Rt-17, Harris, NY 12742, USA - Lipkowitz-Back Entrance-Ambulance"
Lipkowitz-Main Entrance,"1268 Old Rt-17, Harris, NY 12742, USA - Lipkowitz-Main Entrance"
Lippman Memorial Park,"29 George Young Blvd, Napanoch, NY 12458, USA - Lippman Memorial Park"
Living Torah Museum,"57 Old Falls Rd, Fallsburg, NY 12733, USA - Living Torah Museum"
Loch Sheldrake Shul-Hebrew Congregation,"1142 State Route 52, Loch Sheldrake, NY 12759, USA - Loch Sheldrake Shul-Hebrew Congregation"
Lost Lake,"974 Cold Spring Road, Forestburgh, NY 12777, USA - Lost Lake"
Lou Ann Cottages,"69 Maple Ave S, Woodridge, NY 12789, USA - Lou Ann Cottages"
Lucky Three Bungalows,"370 Fraser Rd, Kiamesha Lake, NY 12751, USA - Lucky Three Bungalows"
Luxor Estates,"7 Luxor Ests, Loch Sheldrake, NY 12759, USA - Luxor Estates"
Luxor Manor,"1559 Briggs Hwy Ext, Ellenville, NY 12458, USA - Luxor Manor"
LZ-01-Nevele Grand Hotel,"1195 Arrowhead Rd, Ellenville, NY 12428, USA - LZ-01-Nevele Grand Hotel"
LZ-02-Spring Glen,"18 Forest Hl, Ellenville, NY 12428, USA - LZ-02-Spring Glen"
LZ-03-Kelly'S Field,"8543 Rt 209, Ellenville, NY 12428, USA - LZ-03-Kelly'S Field"
LZ-04-Hang Glider Road,"80 Hang Glider Rd, Ellenville, NY 12428, USA - LZ-04-Hang Glider Road"
LZ-05-Caston Road Extension,"223 Caston Rd Ext, Greenfield Park, NY 12435, USA - LZ-05-Caston Road Extension"
LZ-06-Edwards Place,"19 Sewer Plant Rd, Ellenville, NY 12428, USA - LZ-06-Edwards Place"
LZ-07-7454 Rt 52 West,"7450 Rt 52, Greenfield Park, NY 12435, USA - LZ-07-7454 Rt 52 West"
LZ-08-130 Marcus Road,"130 Marcus Rd, Ellenville, NY 12428, USA - LZ-08-130 Marcus Road"
LZ-09-968 Ulster Heights Road,"968 Ulster Heights Rd, Ellenville, NY 12428, USA - LZ-09-968 Ulster Heights Road"
LZ-10-1099 Ulster Heights Road,"1099 Ulster Heights Rd, Ellenville, NY 12428, USA - LZ-10-1099 Ulster Heights Road"
LZ-11-Geiger Road,"284 Geiger Rd, Ellenville, NY 12428, USA - LZ-11-Geiger Road"
LZ-12-Geiger Road,"99 Geiger Rd, Ellenville, NY 12428, USA - LZ-12-Geiger Road"
LZ-13-20 Berme Road,"8 Berme Rd, Ellenville, NY 12428, USA - LZ-13-20 Berme Road"
LZ-Apollo,"67 E Broadway, Monticello, NY 12701, USA - LZ-Apollo"
LZ-Charlie Wieners Backyard-Mountain Dale,"1432 County Road 56, Mountain Dale, NY 12763, USA - LZ-Charlie Wieners Backyard-Mountain Dale"
LZ-Fallsburg Hs,"115 Brickman Rd, Fallsburg, NY 12733, USA - LZ-Fallsburg Hs"
LZ-Krieger Park,"33 Krieger Park Rd, Woodridge, NY 12789, USA - LZ-Krieger Park"
LZ-Liberty-Ny State Police,"5752 Rt-55, Liberty, NY 12754, USA - LZ-Liberty-Ny State Police"
LZ-Monticello Hs,"39 Breakey Ave, Monticello, NY 12701, USA - LZ-Monticello Hs"
LZ-Rock Hill Fire Department,"61 Glen Wild Rd, Rock Hill, NY 12775, USA - LZ-Rock Hill Fire Department"
LZ-Woodbourne Firemans Grounds,"25 Bush Gardens Rd S, Woodbourne, NY 12788, USA - LZ-Woodbourne Firemans Grounds"
M And M-Swiss Hill Cottages,"1225 Briscoe Rd, Swan Lake, NY 12783, USA - M And M-Swiss Hill Cottages"
Machne Alexander,"388 Lieutenant Brender Hwy, Ferndale, NY 12734, USA - Machne Alexander"
Machne Alexsander-Parksville-MaNaVu,"136 Smith Rd, Parksville, NY 12768, USA - Machne Alexsander-Parksville-MaNaVu"
Machne Arugos Habosem-Tzelem,"203 Whittaker Rd, Monticello, NY 12701, USA - Machne Arugos Habosem-Tzelem"
Machne Bais Rochel,"224 Pleasant Valley Rd, South Fallsburg, NY 12779, USA - Machne Bais Rochel"
Machne Be'er Hatorah-Edgewood Bungalows-Sheldrake,"13 Barry Way, Loch Sheldrake, NY 12759, USA - Machne Be'er Hatorah-Edgewood Bungalows-Sheldrake"
Machne Binyan Olam-Tannig-Friends Bungalows,"280 Laurel Ave, Fallsburg, NY 12733, USA - Machne Binyan Olam-Tannig-Friends Bungalows"
Machne Bnai Yeshua-Neustadt Country-Nadvarna,"20 Novogrodsky Rd, Woodridge, NY 12789, USA - Machne Bnai Yeshua-Neustadt Country-Nadvarna"
Machne Bnei Bobov 45-Spinka-Sva Ratzon,"101 Tunnel Hill Rd, South Fallsburg, NY 12779, USA - Machne Bnei Bobov 45-Spinka-Sva Ratzon"
Machne Bnos Skver-Camp Shane-Harris Road,"305 Harris Rd, Ferndale, NY 12734, USA - Machne Bnos Skver-Camp Shane-Harris Road"
Machne Bnos Skver-Kesser,"501 Knickerbocker Rd, Livingston Manor, NY 12758, USA - Machne Bnos Skver-Kesser"
Machne Bnos Square,"359 Phillipsport Rd, Spring Glen, NY 12483, USA - Machne Bnos Square"
Machne Chaim V'Shalom-Munkacz,"4493 State Route 42, Kiamesha Lake, NY 12751, USA - Machne Chaim V'Shalom-Munkacz"
Machne Chavivim-Gur-Camp Hilltop-Hancock NY,"7825 County Road 67, Hancock, NY 13783, USA - Machne Chavivim-Gur-Camp Hilltop-Hancock NY"
Machne Chevraye,"697 Heiden Rd, Thompsonville, NY 12784, USA - Machne Chevraye"
Machne Divrei Yoel-Main Entrance,"88 Cohen and Cohen Rd, Swan Lake, NY 12783, USA - Machne Divrei Yoel-Main Entrance"
Machne Divrei Yoel-Rt 55,"4339 Rt-55, Swan Lake, NY 12783, USA - Machne Divrei Yoel-Rt 55"
Machne Eitz Chaim-Sanz-Maple Terrace,"76 Maple Ave S, Woodridge, NY 12789, USA - Machne Eitz Chaim-Sanz-Maple Terrace"
Machne Heichal Hatorah,"116 Divine Corners Rd, Loch Sheldrake, NY 12759, USA - Machne Heichal Hatorah"
Machne Kalish-Bucherim Camp-Vistula House,"104 Tamarack Rd, Greenfield Park, NY 12435, USA - Machne Kalish-Bucherim Camp-Vistula House"
Machne Kalish-Bungalows Camp-Vistula House,"110 Tamarack Rd, Greenfield Park, NY 12435, USA - Machne Kalish-Bungalows Camp-Vistula House"
Machne Kayitz-Yeshiva Shaar Hamelech,"968 Ulster Heights Rd, Ellenville, NY 12428, USA - Machne Kayitz-Yeshiva Shaar Hamelech"
Machne Kerem Shloma-Bobov-Heiden Rd,"597 Heiden Rd, Thompsonville, NY 12784, USA - Machne Kerem Shloma-Bobov-Heiden Rd"
Machne Menachem Tzvi-Yeshiva Katana Dsatmar-Yeshivas Chemed,"605 Budd Rd, Woodbourne, NY 12788, USA - Machne Menachem Tzvi-Yeshiva Katana Dsatmar-Yeshivas Chemed"
Machne Mevoh Hatalmud,"210 La Vista Dr, South Fallsburg, NY 12779, USA - Machne Mevoh Hatalmud"
Machne Mishkanos Avrohom Zlatchiv,"66 Wood Ave, Monticello, NY 12701, USA - Machne Mishkanos Avrohom Zlatchiv"
Machne Mtar HaShomayim-Yavuzne,"82 Liberty Street, Monticello, NY 12701, USA - Machne Mtar HaShomayim-Yavuzne"
Machne Nachlas HaTorah D'Krula-Greenfield Park,"43 Lucks Rd, Greenfield Park, NY 12435, USA - Machne Nachlas HaTorah D'Krula-Greenfield Park"
Machne Nachlas Tzvi Zev,"116 Waverly Ave, Monticello, NY 12701, USA - Machne Nachlas Tzvi Zev"
Machne Nusson Tzvi-Boys-Satmar Boys Camp-Kutshers,"480 Anawana Lake Rd, Monticello, NY 12701, USA - Machne Nusson Tzvi-Boys-Satmar Boys Camp-Kutshers"
Machne Nusson Tzvi-Satmar Bucherim Camp-Swan Lake,"1626 Briscoe Road, Swan Lake, NY 12783, USA - Machne Nusson Tzvi-Satmar Bucherim Camp-Swan Lake"
Machne Ohel Baruch-Krasna,"203 Anawana Lake Rd, Monticello, NY 12701, USA - Machne Ohel Baruch-Krasna"
Machne Ohel Fayge-Kollel Country,"176 River Rd, Woodridge, NY 12789, USA - Machne Ohel Fayge-Kollel Country"
Machne Ohel Fayge-Lot I-Kollel Country,"160 River Rd, Woodridge, NY 12789, USA - Machne Ohel Fayge-Lot I-Kollel Country"
Machne Ohel Moshe-Krasna,"8 Clearmont Rd, Woodridge, NY 12789, USA - Machne Ohel Moshe-Krasna"
Machne Ohel Yitzchok-Rachmastrivka,"245 Weiner Rd, Greenfield Park, NY 12435, USA - Machne Ohel Yitzchok-Rachmastrivka"
Machne Ohel Yochanon-Rachmastrivka-Yeshiva Pinas Y,"80 Synagogue Road, Greenfield Park, NY 12435, USA - Machne Ohel Yochanon-Rachmastrivka-Yeshiva Pinas Y"
Machne Satmar-Boro Park-Kenoza Lake,"222 Swiss Hill Rd N, Kenoza Lake, NY 12750, USA - Machne Satmar-Boro Park-Kenoza Lake"
Machne Shaar Yisuscher-Dinov-Fair Oaks,"310 Shawangunk Rd, Middletown, NY 10940, USA - Machne Shaar Yisuscher-Dinov-Fair Oaks"
Machne Shulem Moshe-Nitra-Valet Villa Hotel,"139 Budd Rd, Woodbourne, NY 12788, USA - Machne Shulem Moshe-Nitra-Valet Villa Hotel"
Machne Stree-Anuvim Estates-Columbia Hill,"1107 Old Liberty Rd, Monticello, NY 12701, USA - Machne Stree-Anuvim Estates-Columbia Hill"
Machne Toldos Yaakov Yosef-Skver,"284 Kelly Bridge Rd, Swan Lake, NY 12783, USA - Machne Toldos Yaakov Yosef-Skver"
Machne Viznitz Bnei Brak-Boys-Sunny Hill,"15 Katz Rd, Fallsburg, NY 12733, USA - Machne Viznitz Bnei Brak-Boys-Sunny Hill"
Machne Yedidim-Rayim KJ-Camp Leader-East Branch,"3029 State Highway 30, East Branch, NY 13756, USA - Machne Yedidim-Rayim KJ-Camp Leader-East Branch"
Madison Hill Farm,"164 Old Glen Wild Rd, Glen Wild, NY 12738, USA - Madison Hill Farm"
Mansfield,"99 Gale Rd, Mongaup Valley, NY 12762, USA - Mansfield"
Maple Shade,"70 Park Hill Rd, Mountain Dale, NY 12763, USA - Maple Shade"
Maplewood Estates-Dairyland Road-Woodridge,"55 Dairyland Road, Woodridge, NY 12789, USA - Maplewood Estates-Dairyland Road-Woodridge"
Maplewood Estates-Maple Avenue-Woodridge,"5 Menicha Drive, Woodridge, NY 12789, USA - Maplewood Estates-Maple Avenue-Woodridge"
Marigold,"36 Highland Ave, Monticello, NY 12701, USA - Marigold"
Maywood Estates-Thompsonville,"138 Heiden Rd, Monticello, NY 12701, USA - Maywood Estates-Thompsonville"
Maywood Estates-White Lake,"32 Skyline Dr, Swan Lake, NY 12783, USA - Maywood Estates-White Lake"
Meadowbrook Gardens-Fantastic Homes,"12 Waverly Ave, Monticello, NY 12701, USA - Meadowbrook Gardens-Fantastic Homes"
Meadows Estates-Schreibers-Hochmans,"48 Gamble Rd, South Fallsburg, NY 12779, USA - Meadows Estates-Schreibers-Hochmans"
Mehadrin Dairy,"14 Green Ave, Woodridge, NY 12789, USA - Mehadrin Dairy"
Mei Menuchos-LaVista Drive-Peaceful Waters,"365 La Vista Dr, South Fallsburg, NY 12779, USA - Mei Menuchos-LaVista Drive-Peaceful Waters"
Mei Menuchos-Whittaker Drive-Peaceful Waters,"441 Whittaker Rd, South Fallsburg, NY 12779, USA - Mei Menuchos-Whittaker Drive-Peaceful Waters"
Melody Lake," Melody Lake Drive, Monticello, NY 12701, USA - Melody Lake"
Melour Resort-Tannersville,"6302 Main Street, Tannersville, NY 12485, USA - Melour Resort-Tannersville"
Menucha Cottages-Adlers-Main Gate,"207 Stanton Corner Rd, Ferndale, NY 12734, USA - Menucha Cottages-Adlers-Main Gate"
Menucha Cottages-Adlers-Parking Lot,"207 Stanton Corner Rd, Ferndale, NY 12734, USA - Menucha Cottages-Adlers-Parking Lot"
Menucha Motel,"3690 State Route 42, Monticello, NY 12701, USA - Menucha Motel"
Meor Chaim-Eagles Nest,"58 Eagles Nest Road, Bloomingburg, NY 12721, USA - Meor Chaim-Eagles Nest"
Mesivta Bobov 45-Machne Bnei Bobov 45-Camp Fayge,"382 Parksville Rd, Parksville, NY 12768, USA - Mesivta Bobov 45-Machne Bnei Bobov 45-Camp Fayge"
Mesivta Eitz Chaim,"935 Heiden Rd, South Fallsburg, NY 12779, USA - Mesivta Eitz Chaim"
Mesivta Nachlas Yakov-Vien,"143 Labaugh Rd, Hurleyville, NY 12747, USA - Mesivta Nachlas Yakov-Vien"
Mesorah Woods,"12 Mesora Woods Dr, Woodridge, NY 12789, USA - Mesorah Woods"
Metro Estates Project,"1231 State Route 52, Loch Sheldrake, NY 12759, USA - Metro Estates Project"
Miami Beach Cottages,"85 Anawana Lake Rd, Monticello, NY 12701, USA - Miami Beach Cottages"
Mike & Nick Blue Sky Inn,"250 Camp Rd, Cragsmoor, NY 12428, USA - Mike & Nick Blue Sky Inn"
Mikvah-Bobov-Monticello,"566 State Route 17B, Monticello, NY 12701, USA - Mikvah-Bobov-Monticello"
Mikvah-Sanz-White Lake,"71 W Shore Rd, Kauneonga Lake, NY 12749, USA - Mikvah-Sanz-White Lake"
Millies,"99 Old Monticello Rd, Ferndale, NY 12734, USA - Millies"
Minyan Park Estates,"808 Mount Vernon Rd, Wurtsboro, NY 12790, USA - Minyan Park Estates"
Miron Hill Estates," Heiden Rd, Thompsonville, NY 12784, USA - Miron Hill Estates"
Mishkanos Bobov-Monticello Resort-Kaufmans,"171 Kaufman Rd, Monticello, NY 12701, USA - Mishkanos Bobov-Monticello Resort-Kaufmans"
Mishkanos Yoel-Mintz,"3681 Rt-55, Kauneonga Lake, NY 12783, USA - Mishkanos Yoel-Mintz"
Mishkanos Yoel-Mintz-Entrance 2,"79 Broadway, Bethel, NY 12720, USA - Mishkanos Yoel-Mintz-Entrance 2"
Mobile Medics,"266 Hurleyville Main St, Hurleyville, NY 12747, USA - Mobile Medics"
Monster Golf Club,"650 Resorts World Drive, Monticello, NY 12701, USA - Monster Golf Club"
Monte Manor,"347 East Broadway, Monticello, NY 12701, USA - Monte Manor"
Monticello Beis Medrish,"50 Nelshore Dr, Nelshore Dr, NY 12701, USA - Monticello Beis Medrish"
Monticello Fire House,"23 Richardson Ave, Monticello, NY 12701, USA - Monticello Fire House"
Monticello Raceway,"204 State Route 17B, Monticello, NY 12701, USA - Monticello Raceway"
Monticello-Landfield Ave Shul,"18 Landfield Aave, Monticello, NY 12701, USA - Monticello-Landfield Ave Shul"
Moonlight,"58 Rubin Rd, Monticello, NY 12701, USA - Moonlight"
Morningside Acres-Monticello,"71 Rock Ridge Dr, Monticello, NY 12701, USA - Morningside Acres-Monticello"
Morningside Park Campground ,"11 Morningside Park Rd, Hurleyville, NY 12747, USA - Morningside Park Campground "
Mosdos Boston-Tannersville,"5863 Main St, Tannersville, NY 12468, USA - Mosdos Boston-Tannersville"
Mountain Acres-Mountaindale Road,"1526 County Road 56, Mountain Dale, NY 12763, USA - Mountain Acres-Mountaindale Road"
Mountain Acres-New Road,"1526 County Road 56, Mountain Dale, NY 12763, USA - Mountain Acres-New Road"
Mountain Crest Bungalows-Fallsburg,"129 Murphy Rd, Woodbourne, NY 12788, USA - Mountain Crest Bungalows-Fallsburg"
Mountain Crest Homes-Mountaindale,"14 Mountain Crest Homes Rd, Mountain Dale, NY 12763, USA - Mountain Crest Homes-Mountaindale"
Mountain Lake Camps-Wurtsboro,"1 Lincoln Rd, Wurtsboro, NY 12790, USA - Mountain Lake Camps-Wurtsboro"
Mountain Lake Estates,"605 Heiden Rd, Thompsonville, NY 12784, USA - Mountain Lake Estates"
Mountain Lodge Estates,"87 Rose Valley Rd, Monticello, NY 12701, USA - Mountain Lodge Estates"
Mountain View Meadows,"2 Meadow View Ln, Liberty, NY 12754, USA - Mountain View Meadows"
Mountain White House,"77 Tunnel Hill Rd, South Fallsburg, NY 12779, USA - Mountain White House"
Mountaindale Park,"126 Mountaindale Park Rd, Mountain Dale, NY 12763, USA - Mountaindale Park"
Mountaindale Shul,"6 Mountaindale Main St, Mountain Dale, NY 12763, USA - Mountaindale Shul"
Mountainwood Acres-Colony Circle-Dr Lockers,"1419 County Road 56, Mountain Dale, NY 12763, USA - Mountainwood Acres-Colony Circle-Dr Lockers"
Mountainwood Estates," Laurel Avenue, Fallsburg, NY 12733, USA - Mountainwood Estates"
Nachlai Emunah-Aleph,"29 Joyland Rd, Monticello, NY 12701, USA - Nachlai Emunah-Aleph"
Nachlai Emunah-Bais,"42 Joyland Rd, Monticello, NY 12701, USA - Nachlai Emunah-Bais"
Nachlai Emunah-Daled,"51 Joyland Rd, Monticello, NY 12701, USA - Nachlai Emunah-Daled"
Nachlai Emunah-Gimmel-Woodland,"71 Joyland Rd, Monticello, NY 12701, USA - Nachlai Emunah-Gimmel-Woodland"
Nachlas Yaakov-Satmar-Torah Education Center,"129 Cohen and Cohen Rd, Swan Lake, NY 12783, USA - Nachlas Yaakov-Satmar-Torah Education Center"
Naharia-Happy Acres,"362 La Vista Dr, South Fallsburg, NY 12779, USA - Naharia-Happy Acres"
Naharia-Pool,"344 La Vista Dr, South Fallsburg, NY 12779, USA - Naharia-Pool"
Naizer Hatorah-Satmar Buchrim Camp-The Glen Wilde,"44 Church Road, Mountain Dale, NY 12763, USA - Naizer Hatorah-Satmar Buchrim Camp-The Glen Wilde"
Nappy Lane Mobile Park,"229 Rt 55, Napanoch, NY 12458, USA - Nappy Lane Mobile Park"
Neemis Bungalows-Ellenville Pines Colony,"250 Camp Rd, Ellenville, NY 12428, USA - Neemis Bungalows-Ellenville Pines Colony"
Nevele Hotel,"1195 Arrowhead Rd, Ellenville, NY 12428, USA - Nevele Hotel"
Neversink River Hideaway,"325 Hideaway Dr, Woodridge, NY 12789, USA - Neversink River Hideaway"
Neville Estates,"10 Tanzman Rd, Parksville, NY 12768, USA - Neville Estates"
New Hope Cottages,"5 New Hope Community Dr, Hurleyville, NY 12747, USA - New Hope Cottages"
Nissenbaum,"20 Nissenbaum Rd, Spring Glen, NY 12483, USA - Nissenbaum"
Nitra-Indian Lake Camp -Burlingham,"14 Ski Run Rd  , Pine Bush, NY 12566, USA - Nitra-Indian Lake Camp -Burlingham"
Noam Eliezer-Skulen-Charm Estates,"295 Ranch Rd, Thompsonville, NY 12784, USA - Noam Eliezer-Skulen-Charm Estates"
Noam Elimelech-Nesivos Hatalmud-Staten Island,"61 Mount Hope Rd, Swan Lake, NY 12783, USA - Noam Elimelech-Nesivos Hatalmud-Staten Island"
Nob Hill Country Club,"4599 State Route 42, Kiamesha Lake, NY 12751, USA - Nob Hill Country Club"
North Wanakasink Club,"15 N Shore Rd, Rock Hill, NY 12775, USA - North Wanakasink Club"
Novominsk,"305 Revonah Hill Rd, Liberty, NY 12754, USA - Novominsk"
Nveh Shalom-Koson-Yehivas Nehardue-Mkor Chaim,"389 Riverside Dr, Fallsburg, NY 12733, USA - Nveh Shalom-Koson-Yehivas Nehardue-Mkor Chaim"
Oakwood Cottages,"153 Frog Hollow Rd, Ellenville, NY 12428, USA - Oakwood Cottages"
ODA Primary Healthcare-Monticello,"60 Jefferson St, Monticello, NY 12701, USA - ODA Primary Healthcare-Monticello"
ODA Primary Healthcare-Woodridge,"6 Dairyland Rd, Woodridge, NY 12789, USA - ODA Primary Healthcare-Woodridge"
Ohel Torah-Bergers Yeshiva,"556 State Route 17B, Monticello, NY 12701, USA - Ohel Torah-Bergers Yeshiva"
Ohr Habahir-Maplewood Gardens-Monticello,"48 Maplewood Garden Rd, Monticello, NY 12701, USA - Ohr Habahir-Maplewood Gardens-Monticello"
Ohr HaChassidus Center -Zichron Moshe,"159 E Broadway, Monticello, NY 12701, USA - Ohr HaChassidus Center -Zichron Moshe"
Old Liberty Lanes,"5714 Rt-55, Liberty, NY 12754, USA - Old Liberty Lanes"
Old Shul-Tel Yaffa Pool,"804 Briggs Hwy, Ellenville, NY 12428, USA - Old Shul-Tel Yaffa Pool"
Olympic Hill,"259 Old Falls Rd, Woodridge, NY 12789, USA - Olympic Hill"
Oppenheimer's Regis Hotel-Main Building-Fleischmann,"400 Lake St, Fleischmanns, NY 12430, USA - Oppenheimer's Regis Hotel-Main Building-Fleischmann"
Oppenheimer's Regis Hotel-Motel Building-Fleischman,"327 Halcott Rd, Fleischmanns, NY 12430, USA - Oppenheimer's Regis Hotel-Motel Building-Fleischman"
Orange Regional Medical Center-Trauma Ii,"707 E Main St, Middletown, NY 10940, USA - Orange Regional Medical Center-Trauma Ii"
Orthopedic-Dr Stein,"5655 State Route 42, Fallsburg, NY 12733, USA - Orthopedic-Dr Stein"
Ou Shaimos-San Giovanni Vizzini,"644 Anawana Lake Rd, Monticello, NY 12701, USA - Ou Shaimos-San Giovanni Vizzini"
Our Kids Day Camp,"661 Budd Rd, Woodbourne, NY 12788, USA - Our Kids Day Camp"
Oxford Country Estates,"7 Oxford Dr, White Lake, NY 12786, USA - Oxford Country Estates"
PA Rosenfelds Office,"97 Laurel Ave, South Fallsburg, NY 12779, USA - PA Rosenfelds Office"
Paradise Bungalow Colony,"949 Ulster Heights Rd, Ellenville, NY 12428, USA - Paradise Bungalow Colony"
Paradise Park-Monroe,"44 Seven Springs Rd, Highland Mills, NY 10930, USA - Paradise Park-Monroe"
Paradise Resort,"196 Stanton Corner Rd, Swan Lake, NY 12783, USA - Paradise Resort"
Pardes Paradise,"65 Friedman Rd, Monticello, NY 12701, USA - Pardes Paradise"
Pardess Bungalow Colony,"236 Old Liberty Rd, Monticello, NY 12701, USA - Pardess Bungalow Colony"
Pardess Chabad Farm,"171 Blue Hill Rd, Hopewell Junction, NY 12533, USA - Pardess Chabad Farm"
Park Cottages-Park View Homes,"173 Parks Cottages, Kiamesha Lake, NY 12751, USA - Park Cottages-Park View Homes"
Park Garden Estates,"594 Hasbrouck A Rd, Woodbourne, NY 12788, USA - Park Garden Estates"
Park Garden Estates B,"257 Hasbrouck Rd, Woodbourne, NY 12788, USA - Park Garden Estates B"
Park Side Cottages-Ellenville,"2 Parkside Dr, Ellenville, NY 12428, USA - Park Side Cottages-Ellenville"
Park Side Estates-Monticello,"363 Anawana Lake Rd, Monticello, NY 12701, USA - Park Side Estates-Monticello"
Park Slope Estates,"1 Emes Cir, Hurleyville, NY 12747, USA - Park Slope Estates"
Patio Homes-Anawana Lake Entrance,"14 Robert Rd, Kiamesha Lake, NY 12751, USA - Patio Homes-Anawana Lake Entrance"
Patio Homes-Route 42 Entrance,"4 Lake View Dr, Kiamesha Lake, NY 12751, USA - Patio Homes-Route 42 Entrance"
Pelham Parkway Bungalows,"350 Fraser Rd, Kiamesha Lake, NY 12751, USA - Pelham Parkway Bungalows"
Perlers Cottages,"37 Big Woods Rd, Harris, NY 12742, USA - Perlers Cottages"
Pine Grove Bungalow Colony-Monroe,"2 1st Ave, Monroe, NY 10950, USA - Pine Grove Bungalow Colony-Monroe"
Pine Grove Cottages-Loch Sheldrake,"1016 State Route 52, Loch Sheldrake, NY 12759, USA - Pine Grove Cottages-Loch Sheldrake"
Pine Hill Estates-DeeLees-Dairyland,"33 Tamarack Rd, Greenfield Park, NY 12435, USA - Pine Hill Estates-DeeLees-Dairyland"
Pine Knoll-Monticello,"198 Forestburgh Rd, Monticello, NY 12701, USA - Pine Knoll-Monticello"
Pine Motel,"1372 State Route 17B, White Lake, NY 12786, USA - Pine Motel"
Pine Oaks-Kol Tuv,"5 Downs Rd, Monticello, NY 12701, USA - Pine Oaks-Kol Tuv"
Pine Tree Estates-White Lake,"3174 Rt-55, White Lake, NY 12720, USA - Pine Tree Estates-White Lake"
Pines Country Estates,"76 Estate Dr, Fallsburg, NY 12733, USA - Pines Country Estates"
Pinewood Estates,"4 Pinewood Estates Rd, South Fallsburg, NY 12779, USA - Pinewood Estates"
Pizza Dpie,"4682 State Route 42, Kiamesha Lake, NY 12751, USA - Pizza Dpie"
Pizzale Pizza,"347 E Broadway, Monticello, NY 12701, USA - Pizzale Pizza"
Pleasant Colony,"225 La Vista Dr, South Fallsburg, NY 12779, USA - Pleasant Colony"
Pleasant Lake Colony,"150 Wildwood Dr, South Fallsburg, NY 12779, USA - Pleasant Lake Colony"
Pleasant Valley Cottages,"18 Pleasant Valley Rd, South Fallsburg, NY 12779, USA - Pleasant Valley Cottages"
Ponderosa,"411 Budd Rd, Woodbourne, NY 12788, USA - Ponderosa"
Post Hill Cottages-Radvan-Edelwise Cottages,"343 Post Hill Rd, Mountain Dale, NY 12763, USA - Post Hill Cottages-Radvan-Edelwise Cottages"
Presidential Estates-Main-Rt 55,"109 Edgewater Dr, Swan Lake, NY 12783, USA - Presidential Estates-Main-Rt 55"
Presidential Estates-Stanton Road,"1 Post Rd, Swan Lake, NY 12783, USA - Presidential Estates-Stanton Road"
Quaker Hill Estates (Lower Level),"143 Quaker Hill Rd, Monroe, NY 10950, USA - Quaker Hill Estates (Lower Level)"
Quaker Hill Estates (Shul),"60 Cromwell Rd, Monroe, NY 10950, USA - Quaker Hill Estates (Shul)"
Quaker Hill Estates (Upper Level),"60 Cromwell Rd, Monroe, NY 10950, USA - Quaker Hill Estates (Upper Level)"
Quality Healthcare-Monticello,"19 Prince St, Monticello, NY 12701, USA - Quality Healthcare-Monticello"
Quality Healthcare-Swan Lake,"38 Old White Lake Tpke, Swan Lake, NY 12783, USA - Quality Healthcare-Swan Lake"
Quarton Farm-One Lane Bridge,"11 Veggie Lane, Fallsburg, NY 12733, USA - Quarton Farm-One Lane Bridge"
Rachmastrivka Staff-Melody Cottages,"9 Melody Ln, Ellenville, NY 12428, USA - Rachmastrivka Staff-Melody Cottages"
Rail Trail-Hurleyville-Main Street,"218 Main Street, Hurleyville, NY 12747, USA - Rail Trail-Hurleyville-Main Street"
Rail Trail-Liberty-Chestnut Street,"287 Chestnut Street, Liberty, NY 12754, USA - Rail Trail-Liberty-Chestnut Street"
Rail Trail-Mountain Dale-Trail A-Greenfield Road,"10 Greenfield Road, Woodridge, NY 12789, USA - Rail Trail-Mountain Dale-Trail A-Greenfield Road"
Rail Trail-Mountain Dale-Trail B-Mountain Dale Station," Mountain Dale Road, Mountain Dale, NY 12763, USA - Rail Trail-Mountain Dale-Trail B-Mountain Dale Station"
Rail Trail-Parksville-Trail A-Old Route 17," Fox Mountain Road, Parksville, NY 12768, USA - Rail Trail-Parksville-Trail A-Old Route 17"
Rail Trail-Parksville-Trail B-Main Street,"46 Main Street, Parksville, NY 12768, USA - Rail Trail-Parksville-Trail B-Main Street"
Rail Trail-Woodridge-Trail A-Tabaczynski Road," Tabaczynski Road, Woodridge, NY 12789, USA - Rail Trail-Woodridge-Trail A-Tabaczynski Road"
Rail Trail-Woodridge-Trail B-Roosevelt Avenue," Roosevelt Avenue, Woodridge, NY 12789, USA - Rail Trail-Woodridge-Trail B-Roosevelt Avenue"
Rails To Trails,"82 Clarion Acres Rd, South Fallsburg, NY 12779, USA - Rails To Trails"
Refuah Health Center-South Fallsburg,"36 Laurel Ave, South Fallsburg, NY 12779, USA - Refuah Health Center-South Fallsburg"
Refuah Health-Liberty,"1885 State Route 52, Liberty, NY 12734, USA - Refuah Health-Liberty"
Regal Wankref Country Colonies,"225 Post Hill Rd, Mountain Dale, NY 12763, USA - Regal Wankref Country Colonies"
Regency Estates,"155 Regency Country Club Rd, Woodridge, NY 12789, USA - Regency Estates"
Relax Inn-Cochecton-Route 52,"6074 State Route 52, Cochecton, NY 12726, USA - Relax Inn-Cochecton-Route 52"
Renaissance,"767 Ulster Heights Rd, Ellenville, NY 12428, USA - Renaissance"
Resorts World Catskills Casino,"888 Resorts World Drive, Monticello, NY 12701, USA - Resorts World Catskills Casino"
Reuven Ranch-Sterling Ridge,"57 Mountaindale Rd, Greenfield Park, NY 12435, USA - Reuven Ranch-Sterling Ridge"
Rhapsody Fields,"9 Rhapsody Ln, Monticello, NY 12701, USA - Rhapsody Fields"
Ridgewood Estates-Menorah Bungalows,"425 Old Falls Rd, Woodridge, NY 12789, USA - Ridgewood Estates-Menorah Bungalows"
Ring Holmstead,"257 Lybolt Rd, Middletown, NY 10941, USA - Ring Holmstead"
River Haven Country Club-Hilltop,"6269 State Route 42, Woodbourne, NY 12788, USA - River Haven Country Club-Hilltop"
River Manor,"5708 State Route 42, Fallsburg, NY 12733, USA - River Manor"
River Valley-Entrance 1,"353 Grey Rd, South Fallsburg, NY 12779, USA - River Valley-Entrance 1"
River Valley-Entrance 2,"353 Grey Rd, South Fallsburg, NY 12779, USA - River Valley-Entrance 2"
River Valley-Entrance 3,"353 Grey Rd, South Fallsburg, NY 12779, USA - River Valley-Entrance 3"
Riverside Estates,"2 Pine Dr, Woodridge, NY 12789, USA - Riverside Estates"
Riversite-Gamble Road Entrance,"5449 State Route 42, South Fallsburg, NY 12779, USA - Riversite-Gamble Road Entrance"
Riversite-Rt 42,"5449 State Route 42, South Fallsburg, NY 12779, USA - Riversite-Rt 42"
Robins Woods CoOp,"52 Greentree Rd, Monticello, NY 12701, USA - Robins Woods CoOp"
Rock Hill Volunteer Ambulance Corp,"100 Lake Louise Marie Rd, Rock Hill, NY 12775, USA - Rock Hill Volunteer Ambulance Corp"
Rodef Chesed Workman Circle-Cemetery,"310 Otens Rd, Ellenville, NY 12428, USA - Rodef Chesed Workman Circle-Cemetery"
Rose Gardens Estates,"98 Haddock Rd, Monticello, NY 12701, USA - Rose Gardens Estates"
Rosemond Motel,"253 Rosemond Rd, Woodridge, NY 12789, USA - Rosemond Motel"
Rosemond Terrace,"2 Lilly Ln, Woodridge, NY 12789, USA - Rosemond Terrace"
Rosens,"366 Mount Hope Rd, Swan Lake, NY 12783, USA - Rosens"
Rosenweig's Colony,"1405 Horseshoe Lake Rd, Swan Lake, NY 12783, USA - Rosenweig's Colony"
Rosetree,"140 Anawana Lake Rd, Monticello, NY 12701, USA - Rosetree"
Rosewood Cottages-Monticello,"268 Old Liberty Rd, Monticello, NY 12701, USA - Rosewood Cottages-Monticello"
Rosewood Estates-Hasbrouck Heights Estates-Loch Sheldrake,"12 Hazelnis Dr, Loch Sheldrake, NY 12759, USA - Rosewood Estates-Hasbrouck Heights Estates-Loch Sheldrake"
Rosmarin Cotages And Day Camp,"26 School Rd, Monroe, NY 10950, USA - Rosmarin Cotages And Day Camp"
Royal Brook of Groszvardein,"201 Kingston Avenue, Wurtsboro, NY 12790, USA - Royal Brook of Groszvardein"
Royal Bungalows-Monticello,"75 Dillon Rd, Monticello, NY 12701, USA - Royal Bungalows-Monticello"
RPD Bungalows,"16 Sacks Rd, Harris, NY 12742, USA - RPD Bungalows"
Sackett Lake Estates,"3 Old Congress Rd, Monticello, NY 12701, USA - Sackett Lake Estates"
Sackett Lake Jewish Community Center,"340 Sackett Lake Rd, Monticello, NY 12701, USA - Sackett Lake Jewish Community Center"
Samaritan Rehab,"751 Briggs Hwy, Ellenville, NY 12428, USA - Samaritan Rehab"
Sams Point-Ice Cave Mountains,"400 Sams Point Rd, Pine Bush, NY 12566, USA - Sams Point-Ice Cave Mountains"
Sanz Klausenburg-Mikvah-Divrei Chaim,"218 Fire House Rd, Woodbourne, NY 12788, USA - Sanz Klausenburg-Mikvah-Divrei Chaim"
Satmar Boys Camp-Dairyland-Rav Tov,"13 Martinfeld Rd, Greenfield Park, NY 12435, USA - Satmar Boys Camp-Dairyland-Rav Tov"
Satmar Boys Camp-Napanoch,"45 Sportsmans Rd, Napanoch, NY 12458, USA - Satmar Boys Camp-Napanoch"
Satmar Girls Camp-Kerhonkson,"350 Cherrytown Rd, Kerhonkson, NY 12446, USA - Satmar Girls Camp-Kerhonkson"
Satmar Girls Camp-Pine Grove Resort Ranch-Kerhonkson,"30 Cherrytown Rd, Kerhonkson, NY 12446, USA - Satmar Girls Camp-Pine Grove Resort Ranch-Kerhonkson"
Satmar Girls Camp-Ulster Heights,"1152 Ulster Heights Rd, Ellenville, NY 12428, USA - Satmar Girls Camp-Ulster Heights"
Satmar Kollel-Crown Heights Camp-White Lake,"96 Mattison Rd, White Lake, NY 12720, USA - Satmar Kollel-Crown Heights Camp-White Lake"
Satmar-Yeshiva Ktana-Summervile,"612 Loch Sheldrake Hurleyville Rd, Loch Sheldrake, NY 12759, USA - Satmar-Yeshiva Ktana-Summervile"
Sefarady,"685 Old Liberty Rd, Monticello, NY 12701, USA - Sefarady"
Seven Star Estates,"201 Murphy Rd, Woodbourne, NY 12788, USA - Seven Star Estates"
Shady Acres,"2 Cutler Rd, Napanoch, NY 12458, USA - Shady Acres"
Shady Brook,"81 Labaugh Rd, Hurleyville, NY 12747, USA - Shady Brook"
Shady Pines,"75 Tamarack Rd, Greenfield Park, NY 12435, USA - Shady Pines"
Shar Yoshuv,"191 W Shore Rd, Kauneonga Lake, NY 12749, USA - Shar Yoshuv"
Sheldrake Hills Estates-Sheldrake Dorms,"639 Loch Sheldrake Hurleyville Rd, Loch Sheldrake, NY 12759, USA - Sheldrake Hills Estates-Sheldrake Dorms"
Shermans Service Center,"1179 State Route 52, Loch Sheldrake, NY 12759, USA - Shermans Service Center"
Sheves Achim-Bobov-A,"2 Elm Dr, Fallsburg, NY 12733, USA - Sheves Achim-Bobov-A"
Sheves Achim-Bobov-B,"2 Elm Dr, Fallsburg, NY 12733, USA - Sheves Achim-Bobov-B"
Sheves Achim-Pragers,"21 Firemens Camp Rd, Monticello, NY 12701, USA - Sheves Achim-Pragers"
Shop Rite-Ellenville,"102 Shoprite Blvd, Ellenville, NY 12428, USA - Shop Rite-Ellenville"
Shop Rite-Liberty,"1971 State Route 52, Liberty, NY 12754, USA - Shop Rite-Liberty"
Shop Rite-Monticello,"46 Thompson Sq, Monticello, NY 12701, USA - Shop Rite-Monticello"
Shortline Terminal-Monticello,"30 Sturgis Rd, Monticello, NY 12701, USA - Shortline Terminal-Monticello"
Shwarma King-Bais Medrash Yakov Aron-Monticello,"279 E Broadway, Monticello, NY 12701, USA - Shwarma King-Bais Medrash Yakov Aron-Monticello"
Silberts Resort,"14 Bard Rd, Monticello, NY 12701, USA - Silberts Resort"
Silver Gate,"4889 State Route 42, South Fallsburg, NY 12779, USA - Silver Gate"
Silver Pond,"15 Katz Rd, Fallsburg, NY 12733, USA - Silver Pond"
Simply Sushi-Monticello,"343 E Broadway, Monticello, NY 12701, USA - Simply Sushi-Monticello"
Simply Sweets,"343 E Broadway, Monticello, NY 12701, USA - Simply Sweets"
Skate Time-Kerhonkson,"5164 Route 209, Accord, NY 12404, USA - Skate Time-Kerhonkson"
Skaters World-Ferndale,"1234 Old Rt-17, Ferndale, NY 12734, USA - Skaters World-Ferndale"
Skolya Bungalows-Dishners,"5293 State Route 42, South Fallsburg, NY 12779, USA - Skolya Bungalows-Dishners"
Skopps,"305 Murphy Rd, Woodbourne, NY 12788, USA - Skopps"
Skyview Bungalows,"98 Labaugh Rd, Hurleyville, NY 12747, USA - Skyview Bungalows"
Skyway Camping Resort,"99 Mountaindale Rd, Greenfield Park, NY 12435, USA - Skyway Camping Resort"
Sloatsburg Rest Stop-Mincha Area,"NULL Sloatsburg Service Area, Sloatsburg, NY 10974, USA - Sloatsburg Rest Stop-Mincha Area"
Slovak Country Club,"230 Park Hill Rd, Mountain Dale, NY 12763, USA - Slovak Country Club"
Slovak Sky,"165 Park Hill Rd, Mountain Dale, NY 12763, USA - Slovak Sky"
South Fallsburg Manor,"6 Fallsburg Mnr, South Fallsburg, NY 12779, USA - South Fallsburg Manor"
Speckharts,"813 Heiden Rd, Thompsonville, NY 12784, USA - Speckharts"
Spring Glen Corners,"1355 Old Rt 209, Ellenville, NY 12428, USA - Spring Glen Corners"
Spring Glen Meadows,"1460 Old Rt 209, Ellenville, NY 12428, USA - Spring Glen Meadows"
Spring Glen Synagogue,"1418 Old Route 209, Spring Glen, NY 12483, USA - Spring Glen Synagogue"
Spring Lake Retreat,"349 County Road 56, Wurtsboro, NY 12790, USA - Spring Lake Retreat"
Spring Mountain Resort-Homowack,"359 Phillipsport Rd, Wurtsboro, NY 12790, USA - Spring Mountain Resort-Homowack"
Springfield,"186 Lee Cole Rd, Swan Lake, NY 12783, USA - Springfield"
Springwell Manor-Tannersville,"103 CR-25, Tannersville, NY 12468, USA - Springwell Manor-Tannersville"
Sprinkles Pizza-Four Corners,"5670 State Route 42, Fallsburg, NY 12733, USA - Sprinkles Pizza-Four Corners"
Spruce Colony,"559 Heiden Rd, Thompsonville, NY 12784, USA - Spruce Colony"
Stage Door,"15 Stage Door Dr, Loch Sheldrake, NY 12759, USA - Stage Door"
Starlight Marina,"299 Starlight Rd, Monticello, NY 12701, USA - Starlight Marina"
Staubers,"279 E Broadway, Monticello, NY 12701, USA - Staubers"
Sterns,"20 Glen Wild Rd, Rock Hill, NY 12775, USA - Sterns"
Stewarts-Four Corners,"5 Brickman Rd, Fallsburg, NY 12733, USA - Stewarts-Four Corners"
Stolin-Camp Mah-Kee-Nac-Maine,"6 Hawthorne Rd, Hawthorne Rd, MA 1240, USA - Stolin-Camp Mah-Kee-Nac-Maine"
Sugar Hill,"92 Porter Rd, Mountain Dale, NY 12763, USA - Sugar Hill"
Sullivan County Headstart,"130 Waverly Ave, Monticello, NY 12701, USA - Sullivan County Headstart"
Summer Hill Country Club,"5 Summer Hill Rd, Ellenville, NY 12428, USA - Summer Hill Country Club"
Sun Circle Bungalows,"5462 State Route 42, South Fallsburg, NY 12779, USA - Sun Circle Bungalows"
Sun Ranch Bungalows,"162 Fraser Rd, Monticello, NY 12701, USA - Sun Ranch Bungalows"
Sun Ray,"57 La Vista Dr, South Fallsburg, NY 12779, USA - Sun Ray"
Sun Valley,"142 Forestburgh Rd, Monticello, NY 12701, USA - Sun Valley"
Sunflower Cottages-Petrov,"1761 State Route 17B, White Lake, NY 12786, USA - Sunflower Cottages-Petrov"
Sunny Forest,"127 Old Liberty Rd, Monticello, NY 12701, USA - Sunny Forest"
Sunny Lake-Karnofsky-White Lake,"111 Lake St, Kauneonga Lake, NY 12783, USA - Sunny Lake-Karnofsky-White Lake"
Sunny Lane-Greenfield Park,"83 Tamarack Rd, Greenfield Park, NY 12435, USA - Sunny Lane-Greenfield Park"
Sunny Smiles Respite,"99-88 Lake Street, Liberty, NY 12754, USA - Sunny Smiles Respite"
Sunrise Bungalows-Rock Hill,"494 Katrina Falls Rd, Rock Hill, NY 12775, USA - Sunrise Bungalows-Rock Hill"
Sunrise Park,"15 Sunrise Park, Woodbourne, NY 12788, USA - Sunrise Park"
Sunshine Acres-Lee Shank Lodge-Ellenvile,"165 Sportsmans Rd, Napanoch, NY 12458, USA - Sunshine Acres-Lee Shank Lodge-Ellenvile"
Sunshine Colony-LaVista Drive,"353 La Vista Dr, South Fallsburg, NY 12779, USA - Sunshine Colony-LaVista Drive"
Sunshine Estates-South Fallsburg,"225 Ranch Rd, Thompsonville, NY 12784, USA - Sunshine Estates-South Fallsburg"
Sunview Estates-Temple Lane,"349 Cold Spring Rd, Monticello, NY 12701, USA - Sunview Estates-Temple Lane"
Susans,"36 Lake St, Kauneonga Lake, NY 12749, USA - Susans"
Swan Lake Camp Grounds,"106 Fulton Rd, Ferndale, NY 12734, USA - Swan Lake Camp Grounds"
Swan Lake Friends-Saltzmans,"4932 Rt-55, Swan Lake, NY 12783, USA - Swan Lake Friends-Saltzmans"
Swan Lake Pizza,"42 Stanton Corner Rd, Swan Lake, NY 12783, USA - Swan Lake Pizza"
Swan Lake Shul-Teabergs-Ahavas Achim,"22 Stanton Corner Rd, Swan Lake, NY 12783, USA - Swan Lake Shul-Teabergs-Ahavas Achim"
Swan Lake Villas,"5000 Rt-55, Swan Lake, NY 12783, USA - Swan Lake Villas"
Swan Manor-Executive Estates,"5060 Rt-55, Swan Lake, NY 12783, USA - Swan Manor-Executive Estates"
Swinging Bridge Marina,"371 Starlight Rd, Monticello, NY 12701, USA - Swinging Bridge Marina"
Tallwood Country Estates,"4 Krystyna Rd, White Lake, NY 12786, USA - Tallwood Country Estates"
Tamarack Hills,"12 Tamarack Rd, Greenfield Park, NY 12435, USA - Tamarack Hills"
Tamarack Lodge,"14 Tamarack Rd, Greenfield Park, NY 12435, USA - Tamarack Lodge"
Tara Acres,"968 Old Liberty Rd, Monticello, NY 12701, USA - Tara Acres"
Tarre Brae Golf Course,"387 Pleasant Valley Rd, South Fallsburg, NY 12779, USA - Tarre Brae Golf Course"
Tarre Brae Village,"338 Pleasant Valley Rd, South Fallsburg, NY 12779, USA - Tarre Brae Village"
Tartikov Rt 42-Central Park Estates,"5359 State Route 42, South Fallsburg, NY 12779, USA - Tartikov Rt 42-Central Park Estates"
Tartikov-Downs Road-Pine Hill Cottages,"440 Downs Rd, Thompsonville, NY 12784, USA - Tartikov-Downs Road-Pine Hill Cottages"
Tartikov-Fred Road-Park House,"85 Fred Rd, South Fallsburg, NY 12779, USA - Tartikov-Fred Road-Park House"
Tchernivitz-Happy Hamlet-Green View,"71 Hasbrouck Rd, Woodbourne, NY 12788, USA - Tchernivitz-Happy Hamlet-Green View"
Tel Yaffa 21-Frog Hollow Road,"31 Frog Hollow Rd, Ellenville, NY 12428, USA - Tel Yaffa 21-Frog Hollow Road"
Tel Yaffa-Ellenville Retreats,"826 Briggs Hwy, Ellenville, NY 12428, USA - Tel Yaffa-Ellenville Retreats"
The Alder Hotel at Resorts World Catskills,"750 Resorts World Drive, Monticello, NY 12701, USA - The Alder Hotel at Resorts World Catskills"
The Chalet-Camp Levavi-Camp Machon Lev,"54 Chesters Rd, Woodbourne, NY 12788, USA - The Chalet-Camp Levavi-Camp Machon Lev"
The Cottage Club,"36 Cottage Club Rd, Glen Spey, NY 12737, USA - The Cottage Club"
The Derfl-The Open Well,"7 The Derfl Rd, Ellenville, NY 12428, USA - The Derfl-The Open Well"
The Grove Estates,"191 Grove Circle, South Fallsburg, NY 12733, USA - The Grove Estates"
The Inn At Mountain Pines,"689 Heiden Rd, Thompsonville, NY 12784, USA - The Inn At Mountain Pines"
The Kartrite Resort and Indoor Waterpark,"555 Resorts World Drive, Monticello, NY 12701, USA - The Kartrite Resort and Indoor Waterpark"
The Meadows Hotel,"1141 County Road 114, Cochecton, NY 12726, USA - The Meadows Hotel"
The Pines,"202 Laurel Ave, Fallsburg, NY 12733, USA - The Pines"
The Ranch-White Lake,"3207 RT-55, White Lake, NY 12720, USA - The Ranch-White Lake"
The Willow Pond Resort,"42 Niles Pond Rd, Honesdale, PA 18431, USA - The Willow Pond Resort"
The Woods-Davos,"1 Winterthur Rd, Woodridge, NY 12789, USA - The Woods-Davos"
Thompsonville Park,"179 Town Park Rd, Monticello, NY 12701, USA - Thompsonville Park"
Thompsonville-Post Office,"558 Thompson Rd, Thompsonville, NY 12784, USA - Thompsonville-Post Office"
Thunder Hill Bungalows,"1391 Ulster  Heights Road, Ellenville, NY 12428, USA - Thunder Hill Bungalows"
Tikva,"131 Old White Lake Tpke, Swan Lake, NY 12783, USA - Tikva"
Timber Hill,"13 Timer Hill Ln, South Fallsburg, NY 12779, USA - Timber Hill"
Timberline Camp Ground,"811 Mount Vernon Rd, Wurtsboro, NY 12790, USA - Timberline Camp Ground"
Tiny Tots,"398 Fraser Rd, Kiamesha Lake, NY 12751, USA - Tiny Tots"
Town And Country Estates-Loch Sheldrake,"6 Edgewood Rd, Loch Sheldrake, NY 12759, USA - Town And Country Estates-Loch Sheldrake"
Traveling Tykes,"267 Hilldale Rd, Loch Sheldrake, NY 12759, USA - Traveling Tykes"
Tree Of Life,"335 Fraser Rd, Kiamesha Lake, NY 12751, USA - Tree Of Life"
Tri Valley Estates,"15 Cara Ct, Hurleyville, NY 12747, USA - Tri Valley Estates"
Tribeca Estates,"21 Friendship Way, South Fallsburg, NY 12779, USA - Tribeca Estates"
Tristar Village,"18 Hasbrouck Dr, Woodbourne, NY 12788, USA - Tristar Village"
TRT,"410 Lieutenant Brender Hwy, Ferndale, NY 12734, USA - TRT"
Tsanz Krenitz Bungalows,"112 Pleasant Valley Rd, South Fallsburg, NY 12779, USA - Tsanz Krenitz Bungalows"
Twin Bridge Estates,"8 Twin Bridge Ests, Hurleyville, NY 12747, USA - Twin Bridge Estates"
Twin Oaks Village,"6 Twin Oaks Blvd, Fallsburg, NY 12733, USA - Twin Oaks Village"
Twin Pines,"220 Cold Spring Rd, Monticello, NY 12701, USA - Twin Pines"
Ulster Heights Shul-Knesset Yisroel,"1754 Ulster Heights Rd, Ellenville, NY 12428, USA - Ulster Heights Shul-Knesset Yisroel"
Ungvar,"361 Cold Spring Rd, Monticello, NY 12701, USA - Ungvar"
Unique Escapes Luxury Camping,"17 Gartner Road, Monticello, NY 12701, USA - Unique Escapes Luxury Camping"
Urisino,"3 Ursino Ln, Hurleyville, NY 12747, USA - Urisino"
Uzbek,"624 Ulster Heights Rd, Ellenville, NY 12428, USA - Uzbek"
Vacation Village,"3 Lower Vacation Blvd, Loch Sheldrake, NY 12759, USA - Vacation Village"
Venetian Villas,"751 Heiden Rd, Thompsonville, NY 12784, USA - Venetian Villas"
Very Old Hotel Israel,"15 Rosemond Rd, Woodridge, NY 12789, USA - Very Old Hotel Israel"
Victoria Colony,"99 Dryer Rd, Hurleyville, NY 12747, USA - Victoria Colony"
Victory Cottages,"52 Big Woods Rd, Harris, NY 12742, USA - Victory Cottages"
Villa Agrusa,"248 Benton Hollow Rd, Livingston Manor, NY 12758, USA - Villa Agrusa"
Villa Roma Hotel Resort,"356 Villa Roma Rd, Callicoon, NY 12723, USA - Villa Roma Hotel Resort"
Village Foxcraft,"2 Picadilly E, Loch Sheldrake, NY 12759, USA - Village Foxcraft"
Village Green,"38 Village Green Cir, Swan Lake, NY 12783, USA - Village Green"
Village Park Bungalows,"116 Tabaczynski Rd, Woodridge, NY 12789, USA - Village Park Bungalows"
Village View,"83 Richardson Avenue, Monticello, NY 12701, USA - Village View"
Vitreale Estates,"443 Davos Rd, Woodridge, NY 12789, USA - Vitreale Estates"
Wagon Wheels,"85 Wortzman Rd, Woodridge, NY 12789, USA - Wagon Wheels"
Walmart-Monticello,"33 Anawana Lake Rd, Monticello, NY 12701, USA - Walmart-Monticello"
Walmart-Napanoch,"7644 State Route 209, Napanoch, NY 12458, USA - Walmart-Napanoch"
Walnut Mountain Park,"73 Walnut Mountain Rd, Liberty, NY 12754, USA - Walnut Mountain Park"
Waverly Gardens,"50 Waverly Ave, Monticello, NY 12701, USA - Waverly Gardens"
Weiners Bungalows,"1837 State Route 52, Liberty, NY 12754, USA - Weiners Bungalows"
Wellspring-Cold Spring Road,"409 Cold Spring Rd, Monticello, NY 12701, USA - Wellspring-Cold Spring Road"
Wellspring-Southwoods Drive,"409 Cold Spring Rd, Monticello, NY 12701, USA - Wellspring-Southwoods Drive"
West Park-Palm's Country Club,"458 Riverside Drive, Fallsburg, NY 12733, USA - West Park-Palm's Country Club"
Westbourne Garden Apts,"31 Westbourne Dr, Woodbourne, NY 12788, USA - Westbourne Garden Apts"
Westmont-Poconos,"81 Spruce Lake Road, Spruce Lake Road, PA 18439, USA - Westmont-Poconos"
Westwood Estates - Happy Faces,"1 Westwood Dr, South Fallsburg, NY 12779, USA - Westwood Estates - Happy Faces"
Whispering Woods,"125 Rosemond Rd, Woodridge, NY 12789, USA - Whispering Woods"
White House Estates-Hasbrouck Road,"40 Levine Rd, Hurleyville, NY 12747, USA - White House Estates-Hasbrouck Road"
White House Estates-Levine Road,"40 Levine Rd, Hurleyville, NY 12747, USA - White House Estates-Levine Road"
White Lake Homes,"4006 W Shore Dr, Kauneonga Lake, NY 12749, USA - White Lake Homes"
White Lake Shul-Congregation Beth Sinai,"36 Lake St, Kauneonga Lake, NY 12749, USA - White Lake Shul-Congregation Beth Sinai"
White Lake Villas,"Estate Ct Dr, White Lake, NY 12786, USA - White Lake Villas"
White Rock,"325 South Woods Dr, Monticello, NY 12701, USA - White Rock"
Willow Acres,"1346 Briscoe Rd, Swan Lake, NY 12783, USA - Willow Acres"
Willow Woods,"3 Mayflower Blvd, Fallsburg, NY 12733, USA - Willow Woods"
Winaukee-New Hampshire,"432 Winaukee Road, Winaukee Road, NH 3254, USA - Winaukee-New Hampshire"
Windsor Hills Estates,"102 Pittaluga Dr, Monticello, NY 12701, USA - Windsor Hills Estates"
Windy Apts,"403 Fraser Rd, Kiamesha Lake, NY 12751, USA - Windy Apts"
Woodbourne Correctional Facility,"367 Riverside Dr, Fallsburg, NY 12733, USA - Woodbourne Correctional Facility"
Woodbourne Fire Rec Field,"11 Bush Gardens Rd S, Woodbourne, NY 12788, USA - Woodbourne Fire Rec Field"
Woodbourne Hills-Woodbourne Estates,"494 State Route 52, Woodbourne, NY 12788, USA - Woodbourne Hills-Woodbourne Estates"
Woodbourne Mikva,"53 Hasbrouck Dr, Woodbourne, NY 12788, USA - Woodbourne Mikva"
Woodbourne Shul Cong Bnei Yiroel,"457 NY RT 52, Woodbourne, NY 12788, USA - Woodbourne Shul Cong Bnei Yiroel"
Woodlake Village,"3 Wood Lake Dr, Woodridge, NY 12789, USA - Woodlake Village"
Woodland Townhouses,"1 Woodland Townhouse Rd, Loch Sheldrake, NY 12759, USA - Woodland Townhouses"
Woodlawn Villas,"29 Horseshoe Lake Rd, Kauneonga Lake, NY 12783, USA - Woodlawn Villas"
Woodridge Estates,"92 Krieger Blvd, Woodridge, NY 12789, USA - Woodridge Estates"
Woodridge Mews Coop,"34 Broadway, Woodridge, NY 12789, USA - Woodridge Mews Coop"
Woodridge Mikva,"13 Maurice Rose St, Woodridge, NY 12789, USA - Woodridge Mikva"
Woodridge Royal Estates,"55 Highland Ave, Woodridge, NY 12789, USA - Woodridge Royal Estates"
Woodridge Yeshiva-Yasharesh Yakov,"19 Tuttle Ave, Woodridge, NY 12789, USA - Woodridge Yeshiva-Yasharesh Yakov"
Yagdil Housing,"51 Laurel Park Rd, Fallsburg, NY 12733, USA - Yagdil Housing"
Yasgur's Farm,"34 Yasgur Rd, Bethel, NY 12720, USA - Yasgur's Farm"
YBM-Golden Hills,"20 Robbie Ln, Woodbourne, NY 12788, USA - YBM-Golden Hills"
Yehiva Ktana-Bobov 45-Ortradnoye,"347 Old White Lake Tpke, Ferndale, NY 12734, USA - Yehiva Ktana-Bobov 45-Ortradnoye"
Yellow Shutters,"129 La Vista Dr, South Fallsburg, NY 12779, USA - Yellow Shutters"
Yeshiva Ahavas HaTorah-Satmar Bucherim-Pine Bush,"446 Walker Valley Road, Pine Bush, NY 12566, USA - Yeshiva Ahavas HaTorah-Satmar Bucherim-Pine Bush"
Yeshiva Avodas Naftoli-Sanz,"699 Old Liberty Rd, Monticello, NY 12701, USA - Yeshiva Avodas Naftoli-Sanz"
Yeshiva Darchei Noam,"38 Fulton Rd, Ferndale, NY 12734, USA - Yeshiva Darchei Noam"
Yeshiva Gedola Arugos Habosem-Tzelem-Kerhonkson,"5 Ridgeview Rd, Kerhonkson, NY 12446, USA - Yeshiva Gedola Arugos Habosem-Tzelem-Kerhonkson"
Yeshiva Gedola-Ohel Shloma-Sanz Zvill,"169 Horseshoe Lake Rd, Kauneonga Lake, NY 12749, USA - Yeshiva Gedola-Ohel Shloma-Sanz Zvill"
Yeshiva Gedola-Satmar-Fleischmanns,"91 Armstrong Park Rd, Fleischmanns, NY 12430, USA - Yeshiva Gedola-Satmar-Fleischmanns"
Yeshiva Ktana D'Satmar-Fred Road-Kerem Shlomo,"20 Fred Rd, Thompsonville, NY 12784, USA - Yeshiva Ktana D'Satmar-Fred Road-Kerem Shlomo"
Yeshiva Ktana D'Satmar-Segar Rosenburg Road-Pleasure Island Resort,"300 Segar Rosenburg Rd, Swan Lake, NY 12783, USA - Yeshiva Ktana D'Satmar-Segar Rosenburg Road-Pleasure Island Resort"
Yeshiva Ltziirim Dsatmar,"98 Ferndale Loomis Road, Liberty, NY 12754, USA - Yeshiva Ltziirim Dsatmar"
Yeshiva Meor Hatalmud-Machne Kiryas Yoel-Satmar,"196 CR 31, Round Top, NY 12473, USA - Yeshiva Meor Hatalmud-Machne Kiryas Yoel-Satmar"
Yeshiva Meor Hatorah-Shaarei Yosher,"5556 State Route 42, Fallsburg, NY 12733, USA - Yeshiva Meor Hatorah-Shaarei Yosher"
Yeshiva Mivtzar Hatorah-Satmar-Machne Keren Hato,"404 Hamilton Rd, Monticello, NY 12701, USA - Yeshiva Mivtzar Hatorah-Satmar-Machne Keren Hato"
Yeshiva Nachlas Tzvi,"116 Waverly Ave, Monticello, NY 12701, USA - Yeshiva Nachlas Tzvi"
Yeshiva Ohr Chadash Dprag,"4639 State Route 42, Kiamesha Lake, NY 12751, USA - Yeshiva Ohr Chadash Dprag"
Yeshiva Ohr Yeshua Shmuel,"404 Laurel Ave, Fallsburg, NY 12733, USA - Yeshiva Ohr Yeshua Shmuel"
Yeshiva Ohr Yisroel,"249 Anderson Rd, Parksville, NY 12768, USA - Yeshiva Ohr Yisroel"
Yeshiva Ohr Yoseph-Neipest,"218 Hilltop Rd, Monticello, NY 12701, USA - Yeshiva Ohr Yoseph-Neipest"
Yeshiva Sanz Klausenberg,"248 Fire House Rd, Woodbourne, NY 12788, USA - Yeshiva Sanz Klausenberg"
Yeshiva Toldos Yakov Yosef-Skver-Monticello,"100 Seymour Hirschman Road, Monticello, NY 12701, USA - Yeshiva Toldos Yakov Yosef-Skver-Monticello"
Yeshiva Torah V'Chasidos-Silver Lakes Resort,"657 Briggs Hwy, Ellenville, NY 12428, USA - Yeshiva Torah V'Chasidos-Silver Lakes Resort"
Yeshiva Torah Veyirah D'Satmar-Older Boys- Bloomingburg,"36 YD Goldberger Lane, Bloomingburg, NY 12721, USA - Yeshiva Torah Veyirah D'Satmar-Older Boys- Bloomingburg"
Yeshiva Torah Veyirah D'Satmar-Younger Boys- Bloomingburg,"78 YD Goldberger Lane, Bloomingburg, NY 12721, USA - Yeshiva Torah Veyirah D'Satmar-Younger Boys- Bloomingburg"
Yeshiva Toras Chesed,"4048 STATE ROUTE 55, Swan Lake, NY 12783, USA - Yeshiva Toras Chesed"
Yeshiva Zichron Moshe-Fallsburg Yeshiva,"84 Laurel Park Rd, Fallsburg, NY 12733, USA - Yeshiva Zichron Moshe-Fallsburg Yeshiva"
Yeshivas Hamitzuyoonim-Satmar-Fleischmanns,"673 Wagner Ave, Fleischmanns, NY 12430, USA - Yeshivas Hamitzuyoonim-Satmar-Fleischmanns"
Yeshivas Kayitz-Camp Shoshanim-Poconos,"119 Woods Rd, Lakewood, PA 18439, USA - Yeshivas Kayitz-Camp Shoshanim-Poconos"
Yeshivas Mivakshei Torah-Machne Behutz,"411 Old White Lake Tpke, Ferndale, NY 12734, USA - Yeshivas Mivakshei Torah-Machne Behutz"
Yeshivas Nachlas Aharon-Satmar-Daytop-Swan Lake,"4451 Rt-55, Swan Lake, NY 12783, USA - Yeshivas Nachlas Aharon-Satmar-Daytop-Swan Lake"
Yeshivas Ocean-R Yechiel Milller,"10 Tamarack Rd, Greenfield Park, NY 12435, USA - Yeshivas Ocean-R Yechiel Milller"
Yeshivas Viznitz,"168 Gibber Rd, Kiamesha Lake, NY 12751, USA - Yeshivas Viznitz"
Yo1 Wellness Resort And Spa Catskills,"429 Anawana Lake Rd, Monticello, NY 12701, USA - Yo1 Wellness Resort And Spa Catskills"
Yochis-Fallsburg Bagels And Bakery,"5692 State Route 42, Fallsburg, NY 12733, USA - Yochis-Fallsburg Bagels And Bakery"
Yogi Bear Jellystone Park,"85 Martinfeld Rd, Greenfield Park, NY 12435, USA - Yogi Bear Jellystone Park"
Zakarin Paper-Fallsburg,"5296 State Route 42, South Fallsburg, NY 12779, USA - Zakarin Paper-Fallsburg"
Zidichov,"25 Carpenter Pl, Monticello, NY 12701, USA - Zidichov"
Zimmerman Estates,"31 Zimmerman Rd, Loch Sheldrake, NY 12759, USA - Zimmerman Estates"
Zimmerman Estates-Pool Entrance,"31 Zimmerman Rd, Loch Sheldrake, NY 12759, USA - Zimmerman Estates-Pool Entrance"
Zuckers Glen Wild Hotel,"385 Glen Wild Rd, Glen Wild, NY 12738, USA - Zuckers Glen Wild Hotel"
